{
  "config": {
    "seed": 62,
    "K": 60,
    "G": 4,
    "L": 9,
    "num_steps": 20,
    "dt": 5.0,
    "iter_per_step": 20,
    "user_sigma": 8.0
  },
  "time": [
    0.0,
    5.0,
    10.0,
    15.0,
    20.0,
    25.0,
    30.0,
    35.0,
    40.0,
    45.0,
    50.0,
    55.0,
    60.0,
    65.0,
    70.0,
    75.0,
    80.0,
    85.0,
    90.0,
    95.0
  ],
  "DLB": {
    "min_rate": [
      31.310180344286373,
      35.13354600931078,
      37.39734271918043,
      40.759917315441484,
      43.315891316800126,
      42.88111950876778,
      44.10922868040337,
      44.44330034263111,
      34.7698863747169,
      45.74106978150897,
      41.730791240412124,
      41.5577285939661,
      43.31107297277787,
      41.357040084936486,
      41.457632296950315,
      40.169743799949444,
      42.125048204664175,
      42.76911772708162,
      43.05851653048941,
      42.644322733781465
    ],
    "sum_rate": [
      3220.6014918523165,
      3227.9325253033257,
      3276.5566243456674,
      3315.8538339767974,
      3436.096463327729,
      3380.129312559101,
      3372.6840760500854,
      3353.266884399686,
      3363.8217630524878,
      3424.4355750453274,
      3360.8555379832997,
      3384.4509271388883,
      3379.0479406084387,
      3373.4569906767883,
      3378.3940829856956,
      3354.4106448618113,
      3401.6575887964136,
      3373.9070149685654,
      3401.767980024427,
      3373.3650028409443
    ],
    "jfi": [
      0.8686266453136763,
      0.8748150871808922,
      0.9057988372853862,
      0.9303068976763049,
      0.9329472384018894,
      0.9403086310679064,
      0.9646578068323672,
      0.9680964542438091,
      0.9600645007885192,
      0.947494619545784,
      0.9523813464329873,
      0.9677188402676687,
      0.9504914964141855,
      0.9521830815016187,
      0.952225374710607,
      0.965584108163176,
      0.9606333817551979,
      0.9632462074449659,
      0.9562888678099183,
      0.9589253730879947
    ],
    "energy_step": [
      0.0,
      75745.78550052874,
      119458.42650919489,
      116054.86798883181,
      124937.51569315794,
      108102.04421749088,
      106843.82681075673,
      109820.12297747366,
      94626.10734478351,
      110775.43675153569,
      105132.06514745712,
      95079.48222878727,
      75745.78550052874,
      75745.78550052874,
      75745.78550052874,
      99921.83343332533,
      93905.8185334472,
      75745.78550052874,
      96271.26142835364,
      98970.9010588847
    ],
    "energy_cumul": [
      0.0,
      75745.78550052874,
      195204.21200972365,
      311259.0799985555,
      436196.5956917134,
      544298.6399092043,
      651142.466719961,
      760962.5896974347,
      855588.6970422182,
      966364.1337937538,
      1071496.198941211,
      1166575.6811699984,
      1242321.4666705271,
      1318067.2521710559,
      1393813.0376715846,
      1493734.87110491,
      1587640.6896383571,
      1663386.475138886,
      1759657.7365672395,
      1858628.6376261243
    ],
    "dist": [
      0.0,
      0.0,
      256.968104277886,
      236.96002513658786,
      289.17734920759244,
      190.208742189112,
      182.8122149073627,
      200.3085996162884,
      110.9894163455523,
      205.9244847206135,
      172.7494930163093,
      113.65461528529494,
      0.0,
      0.0,
      0.0,
      142.12074729116466,
      106.75514346451155,
      0.0,
      120.66058048354674,
      136.5306185797004
    ],
    "joint_score": [
      0.0,
      0.37973756515862844,
      0.40159139491868096,
      0.5000452989575312,
      0.5625358774083552,
      0.574964789053273,
      0.6247256980982688,
      0.6326811059826158,
      0.3771391009118605,
      0.6642944544743882,
      0.5491748666893717,
      0.5622723115003498,
      0.6356299435251328,
      0.5741529927509905,
      0.5772778399399398,
      0.514946464827955,
      0.5783124278657096,
      0.6230924150049699,
      0.6024671878668094,
      0.5870942079087884
    ]
  },
  "EA": {
    "min_rate": [
      31.310180344286373,
      40.16452812974079,
      41.92900839360858,
      41.68657090196749,
      43.14918446446415,
      42.54537202517987,
      45.03281277791141,
      44.69574510191559,
      43.61734122401118,
      43.67925232407696,
      43.0372206852437,
      43.42379510833202,
      42.67360574398211,
      42.021552070374476,
      44.93322785000975,
      44.35448289965265,
      45.45950904109867,
      44.86251092521167,
      44.859836782727946,
      45.09068823819975
    ],
    "sum_rate": [
      3220.6014918523165,
      3263.037294004098,
      3359.56097545465,
      3339.333110415653,
      3386.179684176225,
      3373.523517479227,
      3316.5827146863458,
      3396.66262553414,
      3398.8442115803764,
      3415.4432613398876,
      3303.825048699603,
      3381.867147612136,
      3418.8769663743,
      3323.492748798418,
      3300.5227156597475,
      3379.4068792534695,
      3400.4640881078426,
      3385.1645049227277,
      3334.373419373507,
      3368.30088304317
    ],
    "jfi": [
      0.8686266453136763,
      0.8823422285709819,
      0.8990607780433333,
      0.9111761755934972,
      0.9034738488947358,
      0.9224563284114898,
      0.9253308293792176,
      0.9310914286235238,
      0.9231245368164636,
      0.9311789033631466,
      0.9213299515809094,
      0.9300307724381913,
      0.934110343216634,
      0.9330317108162067,
      0.9300301970155023,
      0.9311091855858767,
      0.9175196082730579,
      0.9348987498679381,
      0.9276585588052233,
      0.9318345363563318
    ],
    "energy_step": [
      0.0,
      89691.33468014582,
      88162.7465806999,
      86184.3035046819,
      84103.2620993931,
      88515.9231380217,
      87204.99531461779,
      82674.76005497148,
      84116.45452366855,
      83325.41632685621,
      85652.44312562258,
      79096.35483841541,
      83198.27650954036,
      86605.2786972348,
      80936.45987186341,
      88413.89719019787,
      80137.06417028543,
      82827.82260397868,
      80186.90045385952,
      83882.67575953745
    ],
    "energy_cumul": [
      0.0,
      89691.33468014582,
      177854.0812608457,
      264038.3847655276,
      348141.64686492074,
      436657.57000294246,
      523862.5653175602,
      606537.3253725317,
      690653.7798962002,
      773979.1962230564,
      859631.639348679,
      938727.9941870944,
      1021926.2706966348,
      1108531.5493938695,
      1189468.009265733,
      1277881.9064559308,
      1358018.9706262161,
      1440846.7932301948,
      1521033.6936840543,
      1604916.3694435917
    ],
    "dist": [
      0.0,
      81.97997771605199,
      72.99405563327312,
      61.363626655869005,
      49.13006555085978,
      75.0702310442345,
      67.36384154563493,
      40.73250699933382,
      49.20761822621105,
      44.55743967017359,
      58.237044729137686,
      19.696578178327332,
      43.810038527620456,
      63.83836153077375,
      30.513776389334165,
      74.47046370475374,
      25.81446760216526,
      41.63229690327772,
      26.107434007735442,
      47.833331876702076
    ],
    "joint_score": [
      0.0,
      0.4974767627280713,
      0.5560596121070306,
      0.5559174348059338,
      0.6001993932120502,
      0.5832780929982435,
      0.6657670702947297,
      0.6635997728109716,
      0.6229998115451545,
      0.6293990432621451,
      0.601835695577145,
      0.6264293119201144,
      0.5987632751435363,
      0.5738001574936781,
      0.673586262273633,
      0.6442113656315818,
      0.6869968986549984,
      0.6706102394664427,
      0.6711652524992823,
      0.6754000478975583
    ]
  },