{
  "seed_42": {
    "initial": {
      "min_rate": 28.704621190955645,
      "sum_rate": 2641.1947652806543,
      "mean_rate": 44.01991275467757,
      "std_rate": 5.839607413572816,
      "time": 0.0
    },
    "VF": {
      "min_rate": 37.218083777602416,
      "sum_rate": 2689.0216061118376,
      "mean_rate": 44.817026768530624,
      "std_rate": 5.282339770728866,
      "time": 4.651618003845215
    },
    "GA": {
      "min_rate": 30.7873884910992,
      "sum_rate": 2517.0389393697833,
      "mean_rate": 41.950648989496386,
      "std_rate": 6.2237024605434454,
      "time": 140.25586009025574
    },
    "PSO": {
      "min_rate": 33.42149639693043,
      "sum_rate": 2710.1747409492623,
      "mean_rate": 45.169579015821036,
      "std_rate": 5.569257033370072,
      "time": 178.04007697105408
    },
    "NewSSA": {
      "min_rate": 32.806983046849695,
      "sum_rate": 2627.049028987512,
      "mean_rate": 44.31749949544488,
      "std_rate": 7.04631350750318,
      "time": 272.3965411186218
    }
  }
}