{
  "seed_42": {
    "initial": {
      "min_rate": 28.704621190955645,
      "sum_rate": 2641.1947652806543,
      "mean_rate": 44.01991275467757,
      "std_rate": 5.839607413572816,
      "time": 0.0
    },
    "VF": {
      "min_rate": 37.218083777602416,
      "sum_rate": 2689.0216061118376,
      "mean_rate": 44.817026768530624,
      "std_rate": 5.282339770728866,
      "time": 4.651618003845215
    },
    "GA": {
      "min_rate": 30.7873884910992,
      "sum_rate": 2517.0389393697833,
      "mean_rate": 41.950648989496386,
      "std_rate": 6.2237024605434454,
      "time": 140.25586009025574
    },
    "PSO": {
      "min_rate": 33.42149639693043,
      "sum_rate": 2710.1747409492623,
      "mean_rate": 45.169579015821036,
      "std_rate": 5.569257033370072,
      "time": 178.04007697105408
    },
    "NewSSA": {
      "min_rate": 32.806983046849695,
      "sum_rate": 2627.049028987512,
      "mean_rate": 44.31749949544488,
      "std_rate": 7.04631350750318,
      "time": 272.3965411186218
    }
  },
  "seed_44": {
    "initial": {
      "min_rate": 31.019133091124576,
      "sum_rate": 2637.177787891043,
      "mean_rate": 43.952963131517386,
      "std_rate": 5.486901812260595,
      "time": 0.0
    },
    "VF": {
      "min_rate": 38.128502034468994,
      "sum_rate": 2638.7197374514485,
      "mean_rate": 43.97866229085748,
      "std_rate": 4.005950767279152,
      "time": 4.560683012008667
    },
    "GA": {
      "min_rate": 29.23574585237587,
      "sum_rate": 2602.0112028419085,
      "mean_rate": 43.36685338069847,
      "std_rate": 6.785210345228315,
      "time": 139.96713185310364
    },
    "PSO": {
      "min_rate": 35.880244012083146,
      "sum_rate": 2655.676169961202,
      "mean_rate": 44.26126949935337,
      "std_rate": 4.63347403692704,
      "time": 178.6060390472412
    },
    "NewSSA": {
      "min_rate": 26.309009761579368,
      "sum_rate": 2594.7962425521264,
      "mean_rate": 42.4042190133294,
      "std_rate": 9.799228766937635,
      "time": 272.3703770637512
    }
  },
  "seed_123": {
    "initial": {
      "min_rate": 25.082267322941004,
      "sum_rate": 2560.591423762045,
      "mean_rate": 42.67652372936742,
      "std_rate": 6.984358526389764,
      "time": 0.0
    },
    "VF": {
      "min_rate": 32.237941161464924,
      "sum_rate": 2630.938977194381,
      "mean_rate": 43.848982953239684,
      "std_rate": 6.502590547778762,
      "time": 4.579899072647095
    },
    "GA": {
      "min_rate": 30.4802000975101,
      "sum_rate": 2590.5010167408586,
      "mean_rate": 43.17501694568098,
      "std_rate": 7.944286933089757,
      "time": 138.59704566001892
    },
    "PSO": {
      "min_rate": 33.15400178792299,
      "sum_rate": 2661.1382164845572,
      "mean_rate": 44.35230360807596,
      "std_rate": 6.4747245139643415,
      "time": 177.53367805480957
    },
    "NewSSA": {
      "min_rate": 34.513763025741326,
      "sum_rate": 2568.2709967881515,
      "mean_rate": 42.89599508537903,
      "std_rate": 6.70284412841331,
      "time": 1861.050206899643
    }
  },
  "seed_456": {
    "initial": {
      "min_rate": 29.27162851910602,
      "sum_rate": 2615.3101706305447,
      "mean_rate": 43.58850284384241,
      "std_rate": 5.428716025211769,
      "time": 0.0
    },
    "VF": {
      "min_rate": 37.97924635029038,
      "sum_rate": 2683.2158921108517,
      "mean_rate": 44.72026486851419,
      "std_rate": 3.989662082376104,
      "time": 4.627538204193115
    },
    "GA": {
      "min_rate": 29.650827031362297,
      "sum_rate": 2533.2411454212174,
      "mean_rate": 42.22068575702029,
      "std_rate": 5.898493282439511,
      "time": 139.84538102149963
    },
    "PSO": {
      "min_rate": 34.666963968425925,
      "sum_rate": 2619.3873394018738,
      "mean_rate": 43.656455656697894,
      "std_rate": 4.6506900992956774,
      "time": 182.34984922409058
    },
    "NewSSA": {
      "min_rate": 29.119499171715468,
      "sum_rate": 2502.3671614743507,
      "mean_rate": 41.86901960809048,
      "std_rate": 6.985501837485356,
      "time": 273.61687302589417
    }
  }
}