{
  "initial": {
    "min": 35.80233430408433,
    "sum": 3309.0246420068365
  },
  "V3": {
    "min": 40.769750472945155,
    "sum": 2940.0093136262176
  },
  "V5Pro": {
    "min": 41.269683085620244,
    "sum": 3356.7554125959064
  },
  "GA": {
    "min": 36.911461067535264,
    "sum": 2925.3556767852174
  },
  "PSO": {
    "min": 39.66761197625247,
    "sum": 3014.526739103144
  },
  "NewSSA": {
    "min": 39.25716034025495,
    "sum": 2852.7127676926148
  }
}