{
  "initial": {
    "min": 37.412422252770924,
    "sum": 3336.9296769923103
  },
  "V3": {
    "min": 40.06045641837311,
    "sum": 2770.71388856195
  },
  "V5Pro": {
    "min": 40.55271875225601,
    "sum": 3300.3962266483127
  },
  "GA": {
    "min": 32.518114174821385,
    "sum": 2707.7417802205755
  },
  "PSO": {
    "min": 36.479335535317546,
    "sum": 2829.8864160711696
  },
  "NewSSA": {
    "min": 34.329088773422065,
    "sum": 2664.530400822669
  }
}