{
  "initial": {
    "min": 30.85919937388666,
    "sum": 3169.4960446897508
  },
  "V3": {
    "min": 36.05503204724938,
    "sum": 2572.384022928631
  },
  "V5Pro": {
    "min": 33.03802880512641,
    "sum": 3165.0505050843085
  },
  "GA": {
    "min": 31.422378791717417,
    "sum": 2555.682699453318
  },
  "PSO": {
    "min": 26.139233169036192,
    "sum": 2751.6381454250627
  },
  "NewSSA": {
    "min": 29.02320035600945,
    "sum": 2505.7576537991667
  }
}