{
  "initial": {
    "min": 20.6862819766294,
    "sum": 2922.7388597616505
  },
  "V3": {
    "min": 32.13255793573094,
    "sum": 2353.378941617476
  },
  "V5Pro": {
    "min": 30.157865409270816,
    "sum": 2901.112457885328
  },
  "GA": {
    "min": 26.55504867231568,
    "sum": 2284.0224889578717
  },
  "PSO": {
    "min": 23.691043120452438,
    "sum": 2396.225727668347
  },
  "NewSSA": {
    "min": 27.26597866624932,
    "sum": 2261.824533787384
  }
}