{
  "initial": {
    "min": 40.49719740471923,
    "sum": 3545.7487162513526
  },
  "V3": {
    "min": 42.434276764206025,
    "sum": 2982.8490341704196
  },
  "V5Pro": {
    "min": 40.59429283363922,
    "sum": 3505.0368017477026
  },
  "GA": {
    "min": 39.20174376219015,
    "sum": 2908.548467775978
  },
  "PSO": {
    "min": 38.30428523336671,
    "sum": 3003.8533402853427
  },
  "NewSSA": {
    "min": 36.72475033639753,
    "sum": 2937.331173870883
  }
}