{
  "initial": {
    "min": 33.0566135111663,
    "sum": 3184.7799619598495
  },
  "V3": {
    "min": 38.15093659443082,
    "sum": 2623.462881701226
  },
  "V5Pro": {
    "min": 36.76601464331784,
    "sum": 3284.527782662048
  },
  "GA": {
    "min": 32.66123415619668,
    "sum": 2636.861066821577
  },
  "PSO": {
    "min": 31.82150966081283,
    "sum": 2687.4814648228044
  },
  "NewSSA": {
    "min": 29.429716705319322,
    "sum": 2547.6592170007234
  }
}