{
  "initial": {
    "min": 25.102641327217587,
    "sum": 2794.3029010677974
  },
  "V3": {
    "min": 26.44111871610976,
    "sum": 2195.954984336876
  },
  "V5Pro": {
    "min": 28.232102116179117,
    "sum": 2839.510737140916
  },
  "GA": {
    "min": 21.738170404124364,
    "sum": 2091.2975488930533
  },
  "PSO": {
    "min": 25.424396447539305,
    "sum": 2238.2888136078554
  },
  "NewSSA": {
    "min": 24.788974404011398,
    "sum": 2142.3717200309043
  }
}