{
  "initial": {
    "min": 24.17668466011123,
    "sum": 2712.8027696518407
  },
  "V3": {
    "min": 26.03173316154233,
    "sum": 2167.4818791034063
  },
  "V5Pro": {
    "min": 24.536881861883355,
    "sum": 2725.1483453480755
  },
  "GA": {
    "min": 23.05795020439341,
    "sum": 2065.611918282294
  },
  "PSO": {
    "min": 22.541482894403266,
    "sum": 2204.939538192451
  },
  "NewSSA": {
    "min": 23.803903435676524,
    "sum": 1983.2252419165522
  }
}