{
  "initial": {
    "min": 39.384321171087485,
    "sum": 3525.82367818166
  },
  "V3": {
    "min": 41.81400501909999,
    "sum": 2956.760474398876
  },
  "V5Pro": {
    "min": 43.26822854417605,
    "sum": 3556.887816125761
  },
  "GA": {
    "min": 38.79154417637793,
    "sum": 2871.571934515755
  },
  "PSO": {
    "min": 34.300925526247404,
    "sum": 3058.862505352568
  },
  "NewSSA": {
    "min": 37.389981585048325,
    "sum": 2925.1522608463965
  }
}