{
  "initial": {
    "min": 29.34815675268708,
    "sum": 3257.5309464061343
  },
  "V3": {
    "min": 37.80508878615947,
    "sum": 2663.253177641181
  },
  "V5Pro": {
    "min": 31.082256845243133,
    "sum": 3316.029765663239
  },
  "GA": {
    "min": 30.7173635910147,
    "sum": 2535.332198077002
  },
  "PSO": {
    "min": 32.63329202910353,
    "sum": 2724.030022378105
  },
  "NewSSA": {
    "min": 33.64381822372366,
    "sum": 2650.42310844765
  }
}