{
  "initial": {
    "min": 24.22561232355358,
    "sum": 2715.081814113474
  },
  "V3": {
    "min": 25.05231922658205,
    "sum": 2130.476580250053
  },
  "V5Pro": {
    "min": 25.981399621551116,
    "sum": 2724.883882306011
  },
  "GA": {
    "min": 22.48195970762479,
    "sum": 2153.4740727439953
  },
  "PSO": {
    "min": 22.592154798515182,
    "sum": 2290.44177542869
  },
  "NewSSA": {
    "min": 22.27146861676153,
    "sum": 2198.5072726281423
  }
}