{
  "initial": {
    "min": 30.330227226921796,
    "sum": 3437.6113251938823
  },
  "V3": {
    "min": 38.05465428944382,
    "sum": 2802.088149330563
  },
  "V5Pro": {
    "min": 36.11641876987186,
    "sum": 3389.838705935098
  },
  "GA": {
    "min": 35.24849713128045,
    "sum": 2861.9663153163774
  },
  "PSO": {
    "min": 33.020832571711814,
    "sum": 3073.6402167175156
  },
  "NewSSA": {
    "min": 34.68983190440675,
    "sum": 2774.42093875145
  }
}