{
  "initial": {
    "min": 21.0541449850931,
    "sum": 2644.898698033089
  },
  "V3": {
    "min": 21.75167488246763,
    "sum": 1898.8411528874458
  },
  "V5Pro": {
    "min": 21.91062560694996,
    "sum": 2666.7260122604202
  },
  "GA": {
    "min": 20.42969576599297,
    "sum": 2097.5889345314135
  },
  "PSO": {
    "min": 20.617885035189552,
    "sum": 2209.5085780512686
  },
  "NewSSA": {
    "min": 22.71206007514216,
    "sum": 2028.1350636228885
  }
}