{
  "initial": {
    "min": 25.846461826651293,
    "sum": 3011.8937869420015
  },
  "V3": {
    "min": 37.25874902370903,
    "sum": 2585.875418178363
  },
  "V5Pro": {
    "min": 35.219608498087865,
    "sum": 3050.7405565263653
  },
  "GA": {
    "min": 31.010765942652785,
    "sum": 2490.6795756456886
  },
  "PSO": {
    "min": 26.438574524235765,
    "sum": 2659.7361821304603
  },
  "NewSSA": {
    "min": 34.54170034627516,
    "sum": 2534.0261519780734
  }
}