{
  "initial": {
    "min": 28.298601179956194,
    "sum": 3396.127398696366
  },
  "V3": {
    "min": 34.47762196107737,
    "sum": 2846.415097049988
  },
  "V5Pro": {
    "min": 38.90605385497186,
    "sum": 3428.776342663418
  },
  "GA": {
    "min": 38.585351176947164,
    "sum": 2874.510840413511
  },
  "PSO": {
    "min": 38.65780498953126,
    "sum": 3057.0818239623964
  },
  "NewSSA": {
    "min": 40.33624378026699,
    "sum": 2903.382504106456
  }
}