{
  "initial": {
    "min": 33.96340954161169,
    "sum": 3108.2782506218196
  },
  "V3": {
    "min": 35.781067144031205,
    "sum": 2570.32991552408
  },
  "V5Pro": {
    "min": 35.73608367161242,
    "sum": 3151.402250866839
  },
  "GA": {
    "min": 31.937028531170824,
    "sum": 2505.5208952247967
  },
  "PSO": {
    "min": 27.410023971170265,
    "sum": 2589.6172380187218
  },
  "NewSSA": {
    "min": 29.902842820223817,
    "sum": 2427.9993804311416
  }
}