{
  "initial": {
    "min": 35.32572738504923,
    "sum": 3487.1078278782948
  },
  "V3": {
    "min": 42.620255019490536,
    "sum": 2924.3058707823857
  },
  "V5Pro": {
    "min": 36.07550769083684,
    "sum": 3554.5101966226157
  },
  "GA": {
    "min": 36.44528211723621,
    "sum": 2965.527282523471
  },
  "PSO": {
    "min": 36.28244168932939,
    "sum": 3009.8596114398815
  },
  "NewSSA": {
    "min": 37.505802447964044,
    "sum": 2851.664456187191
  }
}