{
  "initial": {
    "min": 35.84371452689741,
    "sum": 3292.286115235815
  },
  "V3": {
    "min": 37.44127310377381,
    "sum": 2637.523712290946
  },
  "V5Pro": {
    "min": 38.22795910955675,
    "sum": 3115.630156446003
  },
  "GA": {
    "min": 29.769331754901277,
    "sum": 2511.289808474957
  },
  "PSO": {
    "min": 32.22634189790828,
    "sum": 2667.029707388737
  },
  "NewSSA": {
    "min": 31.58703486998785,
    "sum": 2586.4535693417615
  }
}