{
  "initial": {
    "min": 27.413901021183843,
    "sum": 3148.4261060443114
  },
  "V3": {
    "min": 33.28644590236577,
    "sum": 2530.7331673498547
  },
  "V5Pro": {
    "min": 29.77428494427139,
    "sum": 3195.049344353144
  },
  "GA": {
    "min": 29.359789772266744,
    "sum": 2589.014691094824
  },
  "PSO": {
    "min": 25.753300431936985,
    "sum": 2717.050978708349
  },
  "NewSSA": {
    "min": 31.387264938235703,
    "sum": 2517.8340100662163
  }
}