{
  "initial": {
    "min": 23.15732154950416,
    "sum": 2772.44150802985
  },
  "V3": {
    "min": 22.978718851952458,
    "sum": 2061.097449400239
  },
  "V5Pro": {
    "min": 25.97443957417873,
    "sum": 2776.369808621733
  },
  "GA": {
    "min": 22.207341196035813,
    "sum": 2101.8149777899666
  },
  "PSO": {
    "min": 23.096710264460366,
    "sum": 2214.60838864864
  },
  "NewSSA": {
    "min": 22.77447269061562,
    "sum": 2156.273351680368
  }
}