{
  "initial": {
    "min": 22.7220775002528,
    "sum": 2886.921440899307
  },
  "V3": {
    "min": 25.717851234399077,
    "sum": 2186.282589921483
  },
  "V5Pro": {
    "min": 26.742027164092907,
    "sum": 2893.142008918368
  },
  "GA": {
    "min": 23.86973850444896,
    "sum": 2190.8590659684055
  },
  "PSO": {
    "min": 24.71780594476915,
    "sum": 2290.3929366829916
  },
  "NewSSA": {
    "min": 24.182770215400225,
    "sum": 2110.985522124793
  }
}