{
  "initial": {
    "min": 31.269984797026687,
    "sum": 3397.641914504368
  },
  "V3": {
    "min": 40.28686371180232,
    "sum": 2821.0114611603267
  },
  "V5Pro": {
    "min": 36.88178132573239,
    "sum": 3436.810469461434
  },
  "GA": {
    "min": 38.8721603915308,
    "sum": 2939.612114323494
  },
  "PSO": {
    "min": 33.50807209815142,
    "sum": 2996.8002438517015
  },
  "NewSSA": {
    "min": 41.12342409701853,
    "sum": 2975.359399061009
  }
}