{
  "initial": {
    "min": 34.23648404311652,
    "sum": 3511.9963375987695
  },
  "V3": {
    "min": 44.70161721638596,
    "sum": 3038.5287917264736
  },
  "V5Pro": {
    "min": 44.90699561481789,
    "sum": 3528.7361054658563
  },
  "GA": {
    "min": 39.453440138451704,
    "sum": 3056.220558572519
  },
  "PSO": {
    "min": 37.0318098449189,
    "sum": 3225.889793364062
  },
  "NewSSA": {
    "min": 38.84196451708571,
    "sum": 2990.5910367799925
  }
}