{
  "initial": {
    "min": 22.495262049201123,
    "sum": 2675.5329243181727
  },
  "V3": {
    "min": 22.452543784644856,
    "sum": 2050.2895535053613
  },
  "V5Pro": {
    "min": 24.173908207615,
    "sum": 2680.444929261279
  },
  "GA": {
    "min": 23.039383685609543,
    "sum": 2089.5271047451292
  },
  "PSO": {
    "min": 18.104596477300504,
    "sum": 2212.035847875557
  },
  "NewSSA": {
    "min": 21.021086781979783,
    "sum": 1979.2317135918843
  }
}