{
  "initial": {
    "min": 37.85003415870938,
    "sum": 3394.110766305819
  },
  "V3": {
    "min": 42.759407655352476,
    "sum": 2956.218727372108
  },
  "V5Pro": {
    "min": 39.673523116342615,
    "sum": 3489.9953221555375
  },
  "GA": {
    "min": 37.05335375012877,
    "sum": 2954.771640375543
  },
  "PSO": {
    "min": 34.084270448414465,
    "sum": 2943.5576832042934
  },
  "NewSSA": {
    "min": 37.36217881194861,
    "sum": 2767.9200910219506
  }
}