{
  "initial": {
    "min": 22.911363700374032,
    "sum": 2879.372000267881
  },
  "V3": {
    "min": 26.512400781145313,
    "sum": 2151.904131995763
  },
  "V5Pro": {
    "min": 25.861969550697477,
    "sum": 2892.7435690373977
  },
  "GA": {
    "min": 20.530393103769814,
    "sum": 2136.1011369674493
  },
  "PSO": {
    "min": 22.510805579404074,
    "sum": 2227.6526439917793
  },
  "NewSSA": {
    "min": 23.329488361057578,
    "sum": 2070.4854670550794
  }
}