{
  "initial": {
    "min": 30.610269546627844,
    "sum": 3352.963555413398
  },
  "V3": {
    "min": 36.24453794659347,
    "sum": 2612.187755022549
  },
  "V5Pro": {
    "min": 32.562187504435705,
    "sum": 3238.353057129443
  },
  "GA": {
    "min": 28.606939995128595,
    "sum": 2603.27863566752
  },
  "PSO": {
    "min": 32.78487330255826,
    "sum": 2651.0857305363957
  },
  "NewSSA": {
    "min": 29.463820721016027,
    "sum": 2410.388185726967
  }
}