{
  "initial": {
    "min": 22.65170112527309,
    "sum": 2583.374957519238
  },
  "V3": {
    "min": 19.910642923533164,
    "sum": 1973.6002890305772
  },
  "V5Pro": {
    "min": 26.21700555273793,
    "sum": 2542.7702187904015
  },
  "GA": {
    "min": 25.120013385531134,
    "sum": 2130.6850117003287
  },
  "PSO": {
    "min": 20.165879143488443,
    "sum": 2265.1014208893243
  },
  "NewSSA": {
    "min": 22.829968058690966,
    "sum": 2076.067359481906
  }
}