{
  "initial": {
    "min": 24.655472292987984,
    "sum": 3138.0395131787222
  },
  "V3": {
    "min": 33.82441809339034,
    "sum": 2470.2063834509154
  },
  "V5Pro": {
    "min": 35.14280704658379,
    "sum": 3163.615751657425
  },
  "GA": {
    "min": 31.32511672873956,
    "sum": 2433.741567505292
  },
  "PSO": {
    "min": 28.199653329300435,
    "sum": 2675.2457895179655
  },
  "NewSSA": {
    "min": 32.428117974318184,
    "sum": 2563.1695183005045
  }
}