{
  "initial": {
    "min": 34.04125310537336,
    "sum": 3530.1180506831593
  },
  "V3": {
    "min": 41.53870471439178,
    "sum": 2997.673694676579
  },
  "V5Pro": {
    "min": 36.817280328981305,
    "sum": 3521.4590352936907
  },
  "GA": {
    "min": 41.29754020489711,
    "sum": 2898.3724897725506
  },
  "PSO": {
    "min": 40.52597617486369,
    "sum": 3059.3186260196317
  },
  "NewSSA": {
    "min": 41.044121106661095,
    "sum": 2994.2199001818726
  }
}