{
  "initial": {
    "min": 46.576898911114284,
    "sum": 3680.799022899328
  },
  "V5Pro": {
    "min": 48.41199759648904,
    "sum": 3747.11869941019
  },
  "PSO": {
    "min": 32.74918988689491,
    "sum": 3004.450618525093
  },
  "NewSSA": {
    "min": 37.576852088644664,
    "sum": 2798.2749461335407
  },
  "GA": {
    "min": 36.68136813550167,
    "sum": 2933.494984791344
  }
}