{
  "initial": {
    "min": 40.39559434802897,
    "sum": 3744.672370592549
  },
  "V5Pro": {
    "min": 40.46938071159278,
    "sum": 3630.994229082911
  },
  "PSO": {
    "min": 33.28646308355891,
    "sum": 3022.6472063688957
  },
  "NewSSA": {
    "min": 36.5982171549403,
    "sum": 2840.3724053965525
  },
  "GA": {
    "min": 35.430810347890834,
    "sum": 2928.3589085484928
  }
}