{
  "initial": {
    "min": 29.029118172685205,
    "sum": 3302.2891133972753
  },
  "V5Pro": {
    "min": 44.25636247123235,
    "sum": 3352.3705219903864
  },
  "PSO": {
    "min": 31.833308355308176,
    "sum": 2694.3097133716565
  },
  "NewSSA": {
    "min": 31.07326465921213,
    "sum": 2503.3011460022663
  },
  "GA": {
    "min": 31.897511335636427,
    "sum": 2580.917300665198
  }
}