{
  "initial": {
    "min": 23.714457688399552,
    "sum": 2795.716815268042
  },
  "V5Pro": {
    "min": 26.036562608016496,
    "sum": 2770.0662389445592
  },
  "PSO": {
    "min": 20.85346259115735,
    "sum": 2137.317941575282
  },
  "NewSSA": {
    "min": 22.381408443913173,
    "sum": 2065.1515027034175
  },
  "GA": {
    "min": 22.9615446746231,
    "sum": 2035.1130620504225
  }
}