{
  "initial": {
    "min": 20.555569946257858,
    "sum": 2646.2583722530544
  },
  "V5Pro": {
    "min": 25.4087352810401,
    "sum": 2601.986260457531
  },
  "PSO": {
    "min": 22.21825001080055,
    "sum": 2156.2986885299647
  },
  "NewSSA": {
    "min": 20.48918609344089,
    "sum": 1996.9898315045798
  },
  "GA": {
    "min": 22.120155962538938,
    "sum": 2115.76436501115
  }
}