{
  "initial": {
    "min": 22.665482672625334,
    "sum": 2767.3338865763094
  },
  "V5Pro": {
    "min": 33.16514581450234,
    "sum": 2858.6803304703503
  },
  "PSO": {
    "min": 22.056368675259773,
    "sum": 2248.8850844592916
  },
  "NewSSA": {
    "min": 22.138904145732855,
    "sum": 2052.127243136677
  },
  "GA": {
    "min": 20.0613425155566,
    "sum": 2068.6929780666323
  }
}