{
  "initial": {
    "min": 43.32810426056222,
    "sum": 3632.566525866317
  },
  "V5Pro": {
    "min": 46.456938249429655,
    "sum": 3679.127212333288
  },
  "PSO": {
    "min": 37.14780908208517,
    "sum": 2952.388526486036
  },
  "NewSSA": {
    "min": 37.367135037693075,
    "sum": 2887.658221403685
  },
  "GA": {
    "min": 33.46197307428607,
    "sum": 2836.608979347235
  }
}