{
  "initial": {
    "min": 31.61630806171374,
    "sum": 3587.731498398782
  },
  "V5Pro": {
    "min": 44.890933589609,
    "sum": 3662.1422130983838
  },
  "PSO": {
    "min": 39.63139387857191,
    "sum": 2935.5959473597636
  },
  "NewSSA": {
    "min": 36.28970501863747,
    "sum": 2854.169101795333
  },
  "GA": {
    "min": 37.49279862989347,
    "sum": 2894.6382822460127
  }
}