{
  "initial": {
    "min": 25.160471895544074,
    "sum": 2657.806416610429
  },
  "V5Pro": {
    "min": 27.63620963176568,
    "sum": 2697.0726362308
  },
  "PSO": {
    "min": 18.870692284355627,
    "sum": 2189.110432497915
  },
  "NewSSA": {
    "min": 20.663562635623688,
    "sum": 2015.9496242618152
  },
  "GA": {
    "min": 22.252690930302876,
    "sum": 1988.2524558645064
  }
}