{
  "initial": {
    "min": 43.20964350232469,
    "sum": 3644.7626767728084
  },
  "V5Pro": {
    "min": 46.89891402956668,
    "sum": 3578.4691812992774
  },
  "PSO": {
    "min": 38.09192178075341,
    "sum": 3026.3411050653835
  },
  "NewSSA": {
    "min": 35.81546241811458,
    "sum": 2870.016669720569
  },
  "GA": {
    "min": 33.022911970384534,
    "sum": 2878.0703382836837
  }
}