{
  "initial": {
    "min": 38.161220985925475,
    "sum": 3304.123194813395
  },
  "V5Pro": {
    "min": 40.90494460961931,
    "sum": 3280.0815223960867
  },
  "PSO": {
    "min": 33.29548881420915,
    "sum": 2577.490936100677
  },
  "NewSSA": {
    "min": 31.783601111642042,
    "sum": 2506.0016893668644
  },
  "GA": {
    "min": 31.241301001612637,
    "sum": 2521.411305402098
  }
}