{
  "initial": {
    "min": 35.64662388328077,
    "sum": 3495.1987561068736
  },
  "V5Pro": {
    "min": 39.4564407847229,
    "sum": 3588.251442547792
  },
  "PSO": {
    "min": 35.664047700921095,
    "sum": 2948.567322290459
  },
  "NewSSA": {
    "min": 35.09528898198305,
    "sum": 2756.868385798158
  },
  "GA": {
    "min": 35.05027328892819,
    "sum": 2761.495887170825
  }
}