{
  "initial": {
    "min": 19.398360763997836,
    "sum": 2712.6410617785828
  },
  "V5Pro": {
    "min": 21.066455073064464,
    "sum": 2596.690615319611
  },
  "PSO": {
    "min": 16.10782190005752,
    "sum": 2189.774546507588
  },
  "NewSSA": {
    "min": 24.060636678308864,
    "sum": 2092.477119085482
  },
  "GA": {
    "min": 23.607574330521135,
    "sum": 2148.5975805191547
  }
}