{
  "initial": {
    "min": 35.804338487410284,
    "sum": 3401.508262247981
  },
  "V5Pro": {
    "min": 35.894446194144024,
    "sum": 3289.6422265603696
  },
  "PSO": {
    "min": 30.209183383805115,
    "sum": 2663.099002295118
  },
  "NewSSA": {
    "min": 27.936535547404205,
    "sum": 2448.384301742582
  },
  "GA": {
    "min": 32.45152777003488,
    "sum": 2611.112540035546
  }
}