{
  "initial": {
    "min": 36.64484571458184,
    "sum": 3426.7268903006384
  },
  "V5Pro": {
    "min": 39.861002637896604,
    "sum": 3336.7469656349535
  },
  "PSO": {
    "min": 32.26288241206768,
    "sum": 2754.4582930210877
  },
  "NewSSA": {
    "min": 28.747806908795997,
    "sum": 2558.177809558794
  },
  "GA": {
    "min": 33.501338307934596,
    "sum": 2607.953778178401
  }
}