{
  "initial": {
    "min": 26.1701355082778,
    "sum": 2812.6232378869995
  },
  "V5Pro": {
    "min": 26.0223983517941,
    "sum": 2761.429048149539
  },
  "PSO": {
    "min": 19.709457787857097,
    "sum": 2234.31777457579
  },
  "NewSSA": {
    "min": 18.64964441692494,
    "sum": 1928.640728552292
  },
  "GA": {
    "min": 22.17783913264859,
    "sum": 1994.424152164866
  }
}