{
  "initial": {
    "min": 23.462980017498055,
    "sum": 2617.4125375797416
  },
  "V5Pro": {
    "min": 28.36375050622963,
    "sum": 2653.0455975482764
  },
  "PSO": {
    "min": 24.36600155767959,
    "sum": 2206.9631502408347
  },
  "NewSSA": {
    "min": 25.822230202202807,
    "sum": 2139.0364293034622
  },
  "GA": {
    "min": 23.725187003378167,
    "sum": 2154.3694608923884
  }
}