{
  "initial": {
    "min": 27.054732185621962,
    "sum": 2758.408020388374
  },
  "V5Pro": {
    "min": 28.001719857741886,
    "sum": 2738.1508022708954
  },
  "PSO": {
    "min": 24.98666509850503,
    "sum": 2232.618501705416
  },
  "NewSSA": {
    "min": 26.638632685288172,
    "sum": 2111.228877398663
  },
  "GA": {
    "min": 24.16203308428602,
    "sum": 2109.204326071641
  }
}