{
  "initial": {
    "min": 36.23188395111228,
    "sum": 3243.593408067932
  },
  "V5Pro": {
    "min": 37.968555172342484,
    "sum": 3368.9071052450004
  },
  "PSO": {
    "min": 32.463535242212096,
    "sum": 2622.323208114058
  },
  "NewSSA": {
    "min": 30.181197144555163,
    "sum": 2593.2031350458124
  },
  "GA": {
    "min": 29.293223671881794,
    "sum": 2563.640276278498
  }
}