{
  "initial": {
    "min": 36.99258275613819,
    "sum": 3344.8116231609597
  },
  "V5Pro": {
    "min": 39.50475063028853,
    "sum": 3229.7275746271775
  },
  "PSO": {
    "min": 30.12838611524806,
    "sum": 2608.9041245413623
  },
  "NewSSA": {
    "min": 27.444734527601298,
    "sum": 2382.4945296997626
  },
  "GA": {
    "min": 28.550888818114217,
    "sum": 2493.6596302896314
  }
}