{
  "initial": {
    "min": 37.407145414201075,
    "sum": 3620.3794512938366
  },
  "V5Pro": {
    "min": 41.919139507068294,
    "sum": 3744.1492617743497
  },
  "PSO": {
    "min": 38.12476664549009,
    "sum": 3031.5284031197984
  },
  "NewSSA": {
    "min": 32.84194360416445,
    "sum": 2807.6811736869136
  },
  "GA": {
    "min": 35.53603647904008,
    "sum": 2908.830243053403
  }
}