{
  "initial": {
    "min": 32.586028845027904,
    "sum": 3602.0664312196313
  },
  "V5Pro": {
    "min": 45.370280293939665,
    "sum": 3679.287714409656
  },
  "PSO": {
    "min": 39.32697850967087,
    "sum": 3030.088403947577
  },
  "NewSSA": {
    "min": 36.18121659987553,
    "sum": 2813.2054819573623
  },
  "GA": {
    "min": 36.83104835582719,
    "sum": 2970.7640249831147
  }
}