{
  "initial": {
    "min": 36.783880573566826,
    "sum": 3279.536617708167
  },
  "V5Pro": {
    "min": 42.15306403121765,
    "sum": 3297.373416012587
  },
  "PSO": {
    "min": 31.774600964660117,
    "sum": 2683.3368875463675
  },
  "NewSSA": {
    "min": 28.677048785430785,
    "sum": 2480.2335703178946
  },
  "GA": {
    "min": 30.405709322224364,
    "sum": 2495.323394315102
  }
}