{
  "initial": {
    "min": 28.32704896478064,
    "sum": 2809.531112789821
  },
  "V5Pro": {
    "min": 29.94692503059404,
    "sum": 2740.9727298627936
  },
  "PSO": {
    "min": 24.67784870752705,
    "sum": 2278.5853628307823
  },
  "NewSSA": {
    "min": 23.078462574328203,
    "sum": 1980.009110948473
  },
  "GA": {
    "min": 23.938170766834364,
    "sum": 2104.4149982753906
  }
}