{
  "initial": {
    "min": 38.89522032947649,
    "sum": 3728.0116877137743
  },
  "V5Pro": {
    "min": 42.3404692403701,
    "sum": 3702.8411334795637
  },
  "PSO": {
    "min": 37.04716222431233,
    "sum": 3153.10376315767
  },
  "NewSSA": {
    "min": 35.12076836148149,
    "sum": 2903.2375478080394
  },
  "GA": {
    "min": 40.82002499867053,
    "sum": 3017.536040041573
  }
}