{
  "initial": {
    "min": 25.16550566096693,
    "sum": 2715.545274601712
  },
  "V5Pro": {
    "min": 28.080083563116613,
    "sum": 2732.168402486798
  },
  "PSO": {
    "min": 19.458062603064665,
    "sum": 2137.290436619546
  },
  "NewSSA": {
    "min": 24.78784778708445,
    "sum": 2074.118099646485
  },
  "GA": {
    "min": 24.251641073161444,
    "sum": 2059.2628637691487
  }
}