{
  "initial": {
    "min": 42.95850927467137,
    "sum": 3652.1916823643573
  },
  "V5Pro": {
    "min": 45.26028162432568,
    "sum": 3646.036897450016
  },
  "PSO": {
    "min": 38.98887723357772,
    "sum": 2991.6978512752844
  },
  "NewSSA": {
    "min": 34.907919480073765,
    "sum": 2892.8575750680243
  },
  "GA": {
    "min": 37.01103318159101,
    "sum": 2969.1491380608572
  }
}