{
  "initial": {
    "min": 35.382915353598044,
    "sum": 3180.7540770250293
  },
  "V5Pro": {
    "min": 40.21053599458419,
    "sum": 3276.732419041889
  },
  "PSO": {
    "min": 33.30658243117912,
    "sum": 2733.393635939533
  },
  "NewSSA": {
    "min": 25.307080896997448,
    "sum": 2344.3814129026346
  },
  "GA": {
    "min": 29.952945565313694,
    "sum": 2541.9997124535275
  }
}