{
  "initial": {
    "min": 32.57400615934854,
    "sum": 3246.3578156112467
  },
  "V5Pro": {
    "min": 34.439472258682514,
    "sum": 3277.2621861419148
  },
  "PSO": {
    "min": 23.85477758339697,
    "sum": 2596.7442113896086
  },
  "NewSSA": {
    "min": 28.72070616049726,
    "sum": 2473.9174665928663
  },
  "GA": {
    "min": 27.24561180429334,
    "sum": 2535.08415165509
  }
}