{
  "initial": {
    "min": 35.88198182974367,
    "sum": 3339.9972077235307
  },
  "V5Pro": {
    "min": 43.34454421950047,
    "sum": 3401.920898297883
  },
  "PSO": {
    "min": 32.7422135393292,
    "sum": 2697.8302103437545
  },
  "NewSSA": {
    "min": 30.266852437519326,
    "sum": 2449.9071123402873
  },
  "GA": {
    "min": 30.883447260651884,
    "sum": 2564.175277885652
  }
}