{
  "initial": {
    "min": 30.719459804853905,
    "sum": 2805.2843133244546
  },
  "V5Pro": {
    "min": 38.97647555274742,
    "sum": 3483.449050854233
  },
  "GA": {
    "min": 36.50720459255098,
    "sum": 2876.218675362306
  },
  "PSO": {
    "min": 36.67388243151904,
    "sum": 2827.941442979196
  },
  "NewSSA": {
    "min": 33.53500369385445,
    "sum": 2808.906895245388
  },
  "V6": {
    "min": 45.23306529515501,
    "sum": 3595.9525676446788
  }
}