{
  "initial": {
    "min": 19.781292994344042,
    "sum": 2140.5947500488664
  },
  "V5Pro": {
    "min": 25.392052889941017,
    "sum": 2767.2823947134457
  },
  "GA": {
    "min": 22.65733480393184,
    "sum": 2133.439693142368
  },
  "PSO": {
    "min": 25.61217048298153,
    "sum": 2092.214513312445
  },
  "NewSSA": {
    "min": 21.293751405262917,
    "sum": 2018.5853406328902
  },
  "V6": {
    "min": 28.02280761045437,
    "sum": 2760.5583603047676
  }
}