{
  "initial": {
    "min": 18.397371982942797,
    "sum": 2073.4156105467323
  },
  "V5Pro": {
    "min": 27.476276848428533,
    "sum": 2763.031565937384
  },
  "GA": {
    "min": 22.949934543080158,
    "sum": 2070.220127760902
  },
  "PSO": {
    "min": 20.699883908365,
    "sum": 2125.386766624359
  },
  "NewSSA": {
    "min": 20.086876023929552,
    "sum": 1892.8484028417736
  },
  "V6": {
    "min": 30.03843171484762,
    "sum": 2682.0390118454707
  }
}