{
  "initial": {
    "min": 35.49705229682169,
    "sum": 2871.7018901539113
  },
  "V5Pro": {
    "min": 42.825812341601704,
    "sum": 3677.086651597766
  },
  "GA": {
    "min": 36.32705178000041,
    "sum": 2781.077204018489
  },
  "PSO": {
    "min": 36.58648947904028,
    "sum": 2943.1713492836784
  },
  "NewSSA": {
    "min": 32.913954244086845,
    "sum": 2828.8767475531945
  },
  "V6": {
    "min": 44.23546480281328,
    "sum": 3568.4045515489966
  }
}