{
  "initial": {
    "min": 33.69137861545102,
    "sum": 2909.967949983689
  },
  "V5Pro": {
    "min": 45.42430079225165,
    "sum": 3647.208053103224
  },
  "GA": {
    "min": 32.97614502266094,
    "sum": 2903.0376438414387
  },
  "PSO": {
    "min": 39.91865437363763,
    "sum": 2943.6832525144728
  },
  "NewSSA": {
    "min": 35.2231991947561,
    "sum": 2816.053184578536
  },
  "V6": {
    "min": 47.17424172548037,
    "sum": 3870.078305839106
  }
}