{
  "initial": {
    "min": 17.693559188728063,
    "sum": 1986.4861332877483
  },
  "V5Pro": {
    "min": 25.33442074701904,
    "sum": 2623.1271491458842
  },
  "GA": {
    "min": 22.7590294208383,
    "sum": 2035.017060073286
  },
  "PSO": {
    "min": 23.08101002920649,
    "sum": 2073.9141895680455
  },
  "NewSSA": {
    "min": 22.502992395212488,
    "sum": 2048.984754813827
  },
  "V6": {
    "min": 32.37881753034072,
    "sum": 2710.565721070102
  }
}