{
  "initial": {
    "min": 33.256972841228375,
    "sum": 2898.0432312057105
  },
  "V5Pro": {
    "min": 47.00177188098394,
    "sum": 3747.7786296184754
  },
  "GA": {
    "min": 36.095507125595994,
    "sum": 2894.338455362116
  },
  "PSO": {
    "min": 36.11764904989064,
    "sum": 2885.814386424206
  },
  "NewSSA": {
    "min": 34.383313190510705,
    "sum": 2830.393593159524
  },
  "V6": {
    "min": 50.41857972707212,
    "sum": 3749.1052669915603
  }
}