{
  "initial": {
    "min": 20.9206398470132,
    "sum": 2145.959765228293
  },
  "V5Pro": {
    "min": 27.85795641682248,
    "sum": 2790.4845701510694
  },
  "GA": {
    "min": 24.903500176434086,
    "sum": 2157.858816168041
  },
  "PSO": {
    "min": 25.388348309736923,
    "sum": 2189.905654065804
  },
  "NewSSA": {
    "min": 22.914666241667987,
    "sum": 2135.3991611717825
  },
  "V6": {
    "min": 33.95643786866471,
    "sum": 2819.83154126198
  }
}