{
  "initial": {
    "min": 31.32012602848716,
    "sum": 2943.1983326045515
  },
  "V5Pro": {
    "min": 41.305611767576366,
    "sum": 3645.487280708653
  },
  "GA": {
    "min": 37.506439785010336,
    "sum": 2894.110279317565
  },
  "PSO": {
    "min": 36.06747544906288,
    "sum": 2976.125685830901
  },
  "NewSSA": {
    "min": 39.145118478953776,
    "sum": 2941.4063115908334
  },
  "V6": {
    "min": 46.52554683453747,
    "sum": 3656.6967418240893
  }
}