{
  "initial": {
    "min": 14.775562157918067,
    "sum": 2105.6703083386656
  },
  "V5Pro": {
    "min": 21.46737869546923,
    "sum": 2690.229619927459
  },
  "GA": {
    "min": 23.386783093986935,
    "sum": 2060.2127419229773
  },
  "PSO": {
    "min": 23.722068445335157,
    "sum": 2133.444369039374
  },
  "NewSSA": {
    "min": 21.859941680317462,
    "sum": 1985.2073245122142
  },
  "V6": {
    "min": 30.890784662538685,
    "sum": 2758.9681615752147
  }
}