{
  "initial": {
    "min": 20.799818638561856,
    "sum": 2159.827936417815
  },
  "V5Pro": {
    "min": 30.916135641084743,
    "sum": 2761.938189898171
  },
  "GA": {
    "min": 24.332417079285907,
    "sum": 2226.662516343892
  },
  "PSO": {
    "min": 26.099128228533463,
    "sum": 2224.117608620108
  },
  "NewSSA": {
    "min": 24.153424281332253,
    "sum": 2141.2351502465103
  },
  "V6": {
    "min": 33.63212185770891,
    "sum": 2903.695995669059
  }
}