{
  "initial": {
    "min": 37.9380478654873,
    "sum": 2905.636116129251
  },
  "V5Pro": {
    "min": 48.72708483271216,
    "sum": 3691.802190879515
  },
  "GA": {
    "min": 36.66546474549381,
    "sum": 2957.202585680677
  },
  "PSO": {
    "min": 40.37003745122799,
    "sum": 2981.115054792696
  },
  "NewSSA": {
    "min": 35.293158254818074,
    "sum": 2824.3220494473353
  },
  "V6": {
    "min": 48.939805326289296,
    "sum": 3627.985647049153
  }
}