{
  "initial": {
    "min": 28.85675330992243,
    "sum": 2598.0641807953384
  },
  "V5Pro": {
    "min": 39.95388010000091,
    "sum": 3340.0269631151277
  },
  "GA": {
    "min": 28.017562084526993,
    "sum": 2514.5910144063478
  },
  "PSO": {
    "min": 34.21054427631445,
    "sum": 2660.121873041601
  },
  "NewSSA": {
    "min": 28.63889631530948,
    "sum": 2409.699893687604
  },
  "V6": {
    "min": 43.974449026749866,
    "sum": 3394.5207540220285
  }
}