{
  "initial": {
    "min": 35.35390907136975,
    "sum": 2897.385890293644
  },
  "V5Pro": {
    "min": 45.36124417326159,
    "sum": 3670.8030391051116
  },
  "GA": {
    "min": 34.798806431371474,
    "sum": 2801.882612414494
  },
  "PSO": {
    "min": 40.10949746915507,
    "sum": 2903.387614375352
  },
  "NewSSA": {
    "min": 35.21990517165625,
    "sum": 2873.409950582936
  },
  "V6": {
    "min": 47.05511820075061,
    "sum": 3705.2037378362297
  }
}