{
  "initial": {
    "min": 30.58389561818893,
    "sum": 2907.7461063701
  },
  "V5Pro": {
    "min": 44.47686291821449,
    "sum": 3668.0799413641967
  },
  "GA": {
    "min": 37.03062475179354,
    "sum": 2948.373062891218
  },
  "PSO": {
    "min": 40.165387478931144,
    "sum": 3032.0063336586363
  },
  "NewSSA": {
    "min": 38.246882472807854,
    "sum": 2952.9526504308556
  },
  "V6": {
    "min": 46.968719090509715,
    "sum": 3800.5679477358326
  }
}