{
  "initial": {
    "min": 35.5411224154204,
    "sum": 2590.7009282962244
  },
  "V5Pro": {
    "min": 43.70945190546474,
    "sum": 3334.2915631124038
  },
  "GA": {
    "min": 34.10510484245842,
    "sum": 2616.6724734128643
  },
  "PSO": {
    "min": 36.900561905896666,
    "sum": 2651.9345808087396
  },
  "NewSSA": {
    "min": 31.853702558601043,
    "sum": 2511.1788489785517
  },
  "V6": {
    "min": 42.901530403212945,
    "sum": 3377.0557711095935
  }
}