{
  "initial": {
    "min": 17.687718893924625,
    "sum": 2045.169466314234
  },
  "V5Pro": {
    "min": 28.238369080852408,
    "sum": 2705.0263811010127
  },
  "GA": {
    "min": 22.411446597795404,
    "sum": 2144.6938676023074
  },
  "PSO": {
    "min": 25.40608438428843,
    "sum": 2179.291027688874
  },
  "NewSSA": {
    "min": 24.301793256252562,
    "sum": 2109.433668632949
  },
  "V6": {
    "min": 30.433236785159234,
    "sum": 2743.6538419714097
  }
}