{
  "initial": {
    "min": 28.56262827314059,
    "sum": 2594.3211243370824
  },
  "V5Pro": {
    "min": 39.13336419010757,
    "sum": 3419.6447944920205
  },
  "GA": {
    "min": 31.634231422752197,
    "sum": 2528.1584500052936
  },
  "PSO": {
    "min": 34.19696593874927,
    "sum": 2634.0599498189663
  },
  "NewSSA": {
    "min": 28.043829561507177,
    "sum": 2514.1985520507283
  },
  "V6": {
    "min": 41.05276512795893,
    "sum": 3296.308607672706
  }
}