{
  "initial": {
    "min": 32.247964479757826,
    "sum": 2558.064734020894
  },
  "V5Pro": {
    "min": 42.85062608995414,
    "sum": 3387.383648066088
  },
  "GA": {
    "min": 32.09023199595475,
    "sum": 2452.3710128451276
  },
  "PSO": {
    "min": 32.33801917159427,
    "sum": 2519.8478622530984
  },
  "NewSSA": {
    "min": 30.239239578754205,
    "sum": 2462.645009398085
  },
  "V6": {
    "min": 41.54036360198043,
    "sum": 3300.8755727592293
  }
}