{
  "initial": {
    "min": 27.453725680705578,
    "sum": 2472.757457125599
  },
  "V5Pro": {
    "min": 39.1144511349073,
    "sum": 3095.2168507395463
  },
  "GA": {
    "min": 28.082718325792737,
    "sum": 2549.633339483691
  },
  "PSO": {
    "min": 30.45789399626091,
    "sum": 2504.3885838125334
  },
  "NewSSA": {
    "min": 27.715142366867322,
    "sum": 2417.568910877965
  },
  "V6": {
    "min": 41.22319895390284,
    "sum": 3198.107613316077
  }
}