{
  "initial": {
    "min": 27.060501313607865,
    "sum": 2542.742005268806
  },
  "V5Pro": {
    "min": 37.540479077193055,
    "sum": 3222.4239582444607
  },
  "GA": {
    "min": 28.754369527240385,
    "sum": 2492.736040887118
  },
  "PSO": {
    "min": 30.23472086491442,
    "sum": 2551.451777178542
  },
  "NewSSA": {
    "min": 33.15182725236164,
    "sum": 2517.392185795672
  },
  "V6": {
    "min": 43.9877018956419,
    "sum": 3396.4262686646903
  }
}