{
  "initial": {
    "min": 20.185230832521665,
    "sum": 2139.8084169309204
  },
  "V5Pro": {
    "min": 28.0609782558893,
    "sum": 2746.7053644620632
  },
  "GA": {
    "min": 20.824844195525845,
    "sum": 2004.845852050485
  },
  "PSO": {
    "min": 21.380229213233694,
    "sum": 2137.60595195762
  },
  "NewSSA": {
    "min": 22.149265722622577,
    "sum": 2103.148021327663
  },
  "V6": {
    "min": 29.457586286467205,
    "sum": 2693.0645654189557
  }
}