{
  "initial": {
    "min": 24.163633272867354,
    "sum": 2605.4903715232163
  },
  "V5Pro": {
    "min": 35.51855791226558,
    "sum": 3338.623377311696
  },
  "GA": {
    "min": 31.432738712171247,
    "sum": 2559.822182675959
  },
  "PSO": {
    "min": 35.02615873595926,
    "sum": 2658.8778884143144
  },
  "NewSSA": {
    "min": 31.828272153310856,
    "sum": 2564.7644112640564
  },
  "V6": {
    "min": 38.809461010525354,
    "sum": 3287.248258858043
  }
}