{
  "initial": {
    "min": 20.78414016961665,
    "sum": 2063.184423860257
  },
  "V5Pro": {
    "min": 27.94576395983617,
    "sum": 2711.989295465453
  },
  "GA": {
    "min": 26.53607794891487,
    "sum": 2103.2178124745747
  },
  "PSO": {
    "min": 26.84440503136839,
    "sum": 2112.676964416293
  },
  "NewSSA": {
    "min": 24.6448386518186,
    "sum": 2047.381331425549
  },
  "V6": {
    "min": 31.820725768889684,
    "sum": 2745.2825247383275
  }
}