{
  "initial": {
    "min": 17.972312160666473,
    "sum": 2153.70294339158
  },
  "V5Pro": {
    "min": 24.95584436580854,
    "sum": 2802.05070482266
  },
  "GA": {
    "min": 22.82971068389695,
    "sum": 2162.9237057960395
  },
  "PSO": {
    "min": 25.489277065160863,
    "sum": 2171.6707988159715
  },
  "NewSSA": {
    "min": 22.005955804082884,
    "sum": 1989.5167046137842
  },
  "V6": {
    "min": 30.390144389612296,
    "sum": 2845.956111840303
  }
}