{
  "initial": {
    "min": 31.384080405069234,
    "sum": 2547.8738594563038
  },
  "V5Pro": {
    "min": 42.17751644837368,
    "sum": 3235.683756658474
  },
  "GA": {
    "min": 29.991718324887877,
    "sum": 2513.52069168789
  },
  "PSO": {
    "min": 30.75127659336728,
    "sum": 2574.3782788787903
  },
  "NewSSA": {
    "min": 30.351634430064113,
    "sum": 2473.809901701954
  },
  "V6": {
    "min": 43.49021835989891,
    "sum": 3435.7949260488567
  }
}