{
  "initial": {
    "min": 32.8578336270424,
    "sum": 2946.330355609618
  },
  "V5Pro": {
    "min": 43.594044465191,
    "sum": 3652.9654292823234
  },
  "GA": {
    "min": 37.762596649338995,
    "sum": 2890.8710010983855
  },
  "PSO": {
    "min": 38.141431298754284,
    "sum": 2922.410503450535
  },
  "NewSSA": {
    "min": 38.24611564803428,
    "sum": 2901.5654395067622
  },
  "V6": {
    "min": 48.602867088748205,
    "sum": 3646.881159062698
  }
}