{
  "initial": {
    "min": 27.651972095410457,
    "sum": 2638.8041116930044
  },
  "V5Pro": {
    "min": 39.87454470978002,
    "sum": 3425.9497481198614
  },
  "GA": {
    "min": 29.729615856485573,
    "sum": 2574.53722266622
  },
  "PSO": {
    "min": 30.457515805575916,
    "sum": 2696.9476547137306
  },
  "NewSSA": {
    "min": 31.891180324939132,
    "sum": 2424.049566900198
  },
  "V6": {
    "min": 41.77245475084469,
    "sum": 3325.209337299205
  }
}