{
  "initial": {
    "min": 29.269198865349484,
    "sum": 2571.2303546938206
  },
  "V5Pro": {
    "min": 38.63524676674759,
    "sum": 3222.3824215684886
  },
  "GA": {
    "min": 25.553476197883118,
    "sum": 2507.6906263939095
  },
  "PSO": {
    "min": 33.06908266713286,
    "sum": 2570.5372671549067
  },
  "NewSSA": {
    "min": 25.572445052123992,
    "sum": 2314.512316678587
  },
  "V6": {
    "min": 41.58748679584372,
    "sum": 3265.2410780233977
  }
}