{
  "initial": {
    "min": 29.354532224533937,
    "sum": 2884.507246059433
  },
  "V5Pro": {
    "min": 44.46434902488069,
    "sum": 3654.046314428428
  },
  "GA": {
    "min": 37.77839662130678,
    "sum": 2918.1149913162863
  },
  "PSO": {
    "min": 36.003551536206466,
    "sum": 2954.3550279197893
  },
  "NewSSA": {
    "min": 31.14651566017176,
    "sum": 2776.0347173339587
  },
  "V6": {
    "min": 49.46192696269282,
    "sum": 3742.3006150109522
  }
}