{
  "initial": {
    "min": 38.89522032947649,
    "sum": 3728.0116877137743
  },
  "V5Pro": {
    "min": 44.47686291821449,
    "sum": 3668.0799413641967
  },
  "GA": {
    "min": 33.435027926108724,
    "sum": 2724.886598165905
  },
  "PSO": {
    "min": 36.02839129472943,
    "sum": 2840.0654251418696
  },
  "NewSSA": {
    "min": 38.246882472807854,
    "sum": 2952.9526504308556
  }
}