{
  "initial": {
    "min": 32.586028845027904,
    "sum": 3602.0664312196313
  },
  "V5Pro": {
    "min": 44.46434902488069,
    "sum": 3654.046314428428
  },
  "GA": {
    "min": 33.65740313692942,
    "sum": 2569.674947773682
  },
  "PSO": {
    "min": 35.885874578140026,
    "sum": 2804.095250458879
  },
  "NewSSA": {
    "min": 31.14651566017176,
    "sum": 2776.0347173339587
  }
}