{
  "initial": {
    "min": 25.16550566096693,
    "sum": 2715.545274601712
  },
  "V5Pro": {
    "min": 27.94576395983617,
    "sum": 2711.989295465453
  },
  "GA": {
    "min": 20.19436171956306,
    "sum": 1978.8972986248755
  },
  "PSO": {
    "min": 21.276529159409215,
    "sum": 1999.5144446419483
  },
  "NewSSA": {
    "min": 24.6448386518186,
    "sum": 2047.381331425549
  }
}