{
  "initial": {
    "min": 35.382915353598044,
    "sum": 3180.7540770250293
  },
  "V5Pro": {
    "min": 37.540479077193055,
    "sum": 3222.4239582444607
  },
  "GA": {
    "min": 24.746355612934654,
    "sum": 2336.9112546538713
  },
  "PSO": {
    "min": 25.567972322050007,
    "sum": 2409.3009338853503
  },
  "NewSSA": {
    "min": 33.15182725236164,
    "sum": 2517.392185795672
  }
}