{
  "initial": {
    "min": 38.161220985925475,
    "sum": 3304.123194813395
  },
  "V5Pro": {
    "min": 42.85062608995414,
    "sum": 3387.383648066088
  },
  "GA": {
    "min": 30.21108845271889,
    "sum": 2322.4177189716165
  },
  "PSO": {
    "min": 24.486791030202582,
    "sum": 2442.606346204761
  },
  "NewSSA": {
    "min": 30.239239578754205,
    "sum": 2462.645009398085
  }
}