{
  "initial": {
    "min": 23.462980017498055,
    "sum": 2617.4125375797416
  },
  "V5Pro": {
    "min": 28.238369080852408,
    "sum": 2705.0263811010127
  },
  "GA": {
    "min": 22.969371869272592,
    "sum": 1978.9552653055089
  },
  "PSO": {
    "min": 21.449441186143837,
    "sum": 1985.892414972109
  },
  "NewSSA": {
    "min": 24.301793256252562,
    "sum": 2109.433668632949
  }
}