{
  "initial": {
    "min": 26.1701355082778,
    "sum": 2812.6232378869995
  },
  "V5Pro": {
    "min": 28.0609782558893,
    "sum": 2746.7053644620632
  },
  "GA": {
    "min": 18.88761941990236,
    "sum": 1898.2377114861097
  },
  "PSO": {
    "min": 17.08514983133586,
    "sum": 2000.90837398632
  },
  "NewSSA": {
    "min": 22.149265722622577,
    "sum": 2103.148021327663
  }
}