{
  "initial": {
    "min": 32.57400615934854,
    "sum": 3246.3578156112467
  },
  "V5Pro": {
    "min": 39.1144511349073,
    "sum": 3095.2168507395463
  },
  "GA": {
    "min": 25.655526039752925,
    "sum": 2332.3800158956906
  },
  "PSO": {
    "min": 29.521850026521165,
    "sum": 2375.8749541079137
  },
  "NewSSA": {
    "min": 27.715142366867322,
    "sum": 2417.568910877965
  }
}