{
  "initial": {
    "min": 19.398360763997836,
    "sum": 2712.6410617785828
  },
  "V5Pro": {
    "min": 21.46737869546923,
    "sum": 2690.229619927459
  },
  "GA": {
    "min": 19.59489350208167,
    "sum": 1859.0907638768665
  },
  "PSO": {
    "min": 16.788002940879707,
    "sum": 2040.4519205336126
  },
  "NewSSA": {
    "min": 21.859941680317462,
    "sum": 1985.2073245122142
  }
}