{
  "initial": {
    "min": 43.20964350232469,
    "sum": 3644.7626767728084
  },
  "V5Pro": {
    "min": 47.00177188098394,
    "sum": 3747.7786296184754
  },
  "GA": {
    "min": 33.50368582788327,
    "sum": 2669.056361204716
  },
  "PSO": {
    "min": 33.300439489079295,
    "sum": 2743.729708347672
  },
  "NewSSA": {
    "min": 34.383313190510705,
    "sum": 2830.393593159524
  }
}