{
  "initial": {
    "min": 27.054732185621962,
    "sum": 2758.408020388374
  },
  "V5Pro": {
    "min": 27.85795641682248,
    "sum": 2790.4845701510694
  },
  "GA": {
    "min": 22.922326908605115,
    "sum": 1970.5901729313814
  },
  "PSO": {
    "min": 21.3029695166861,
    "sum": 2046.3345213546233
  },
  "NewSSA": {
    "min": 22.914666241667987,
    "sum": 2135.3991611717825
  }
}