{
  "initial": {
    "min": 28.32704896478064,
    "sum": 2809.531112789821
  },
  "V5Pro": {
    "min": 30.916135641084743,
    "sum": 2761.938189898171
  },
  "GA": {
    "min": 19.003931799281297,
    "sum": 2006.1738456639189
  },
  "PSO": {
    "min": 20.00350714054995,
    "sum": 2052.0204540047557
  },
  "NewSSA": {
    "min": 24.153424281332253,
    "sum": 2141.2351502465103
  }
}