{
  "initial": {
    "min": 23.714457688399552,
    "sum": 2795.716815268042
  },
  "V5Pro": {
    "min": 25.392052889941017,
    "sum": 2767.2823947134457
  },
  "GA": {
    "min": 19.499382669464506,
    "sum": 1910.9101885367227
  },
  "PSO": {
    "min": 18.894469104634688,
    "sum": 1959.3484045431833
  },
  "NewSSA": {
    "min": 21.293751405262917,
    "sum": 2018.5853406328902
  }
}