{
  "initial": {
    "min": 29.029118172685205,
    "sum": 3302.2891133972753
  },
  "V5Pro": {
    "min": 43.70945190546474,
    "sum": 3334.2915631124038
  },
  "GA": {
    "min": 30.705130299679563,
    "sum": 2422.523274813041
  },
  "PSO": {
    "min": 29.562738826291874,
    "sum": 2474.3530478922007
  },
  "NewSSA": {
    "min": 31.853702558601043,
    "sum": 2511.1788489785517
  }
}