{
  "initial": {
    "min": 36.64484571458184,
    "sum": 3426.7268903006384
  },
  "V5Pro": {
    "min": 39.87454470978002,
    "sum": 3425.9497481198614
  },
  "GA": {
    "min": 27.141630897494924,
    "sum": 2335.1604447261952
  },
  "PSO": {
    "min": 19.501226197071365,
    "sum": 2518.803384321297
  },
  "NewSSA": {
    "min": 31.891180324939132,
    "sum": 2424.049566900198
  }
}