{
  "initial": {
    "min": 35.64662388328077,
    "sum": 3495.1987561068736
  },
  "V5Pro": {
    "min": 38.97647555274742,
    "sum": 3483.449050854233
  },
  "GA": {
    "min": 32.037918014485555,
    "sum": 2609.602229643781
  },
  "PSO": {
    "min": 28.32938150064935,
    "sum": 2688.1139142993816
  },
  "NewSSA": {
    "min": 33.53500369385445,
    "sum": 2808.906895245388
  }
}