{
  "initial": {
    "min": 22.665482672625334,
    "sum": 2767.3338865763094
  },
  "V5Pro": {
    "min": 24.95584436580854,
    "sum": 2802.05070482266
  },
  "GA": {
    "min": 21.599159582034492,
    "sum": 1970.0792841797515
  },
  "PSO": {
    "min": 18.922528530367362,
    "sum": 2091.135494472513
  },
  "NewSSA": {
    "min": 22.005955804082884,
    "sum": 1989.5167046137842
  }
}