{
  "initial": {
    "min": 35.88198182974367,
    "sum": 3339.9972077235307
  },
  "V5Pro": {
    "min": 39.95388010000091,
    "sum": 3340.0269631151277
  },
  "GA": {
    "min": 28.374255175612895,
    "sum": 2393.0098511819265
  },
  "PSO": {
    "min": 27.068380956025138,
    "sum": 2479.673338516782
  },
  "NewSSA": {
    "min": 28.63889631530948,
    "sum": 2409.699893687604
  }
}