{
  "initial": {
    "min": 37.407145414201075,
    "sum": 3620.3794512938366
  },
  "V5Pro": {
    "min": 43.594044465191,
    "sum": 3652.9654292823234
  },
  "GA": {
    "min": 34.505384728619994,
    "sum": 2710.4037002723226
  },
  "PSO": {
    "min": 24.79545811403036,
    "sum": 2753.9575303881097
  },
  "NewSSA": {
    "min": 38.24611564803428,
    "sum": 2901.5654395067622
  }
}