{
  "initial": {
    "min": 25.160471895544074,
    "sum": 2657.806416610429
  },
  "V5Pro": {
    "min": 27.476276848428533,
    "sum": 2763.031565937384
  },
  "GA": {
    "min": 18.158170123061847,
    "sum": 1936.8279743737257
  },
  "PSO": {
    "min": 20.211687239442583,
    "sum": 1963.6973967496494
  },
  "NewSSA": {
    "min": 20.086876023929552,
    "sum": 1892.8484028417736
  }
}