{
  "initial": {
    "min": 31.61630806171374,
    "sum": 3587.731498398782
  },
  "V5Pro": {
    "min": 42.825812341601704,
    "sum": 3677.086651597766
  },
  "GA": {
    "min": 35.69176054211243,
    "sum": 2640.2174261089804
  },
  "PSO": {
    "min": 35.90728669011329,
    "sum": 2751.015396292221
  },
  "NewSSA": {
    "min": 32.913954244086845,
    "sum": 2828.8767475531945
  }
}