{
  "initial": {
    "min": 35.804338487410284,
    "sum": 3401.508262247981
  },
  "V5Pro": {
    "min": 35.51855791226558,
    "sum": 3338.623377311696
  },
  "GA": {
    "min": 27.93341049357631,
    "sum": 2387.4367896881013
  },
  "PSO": {
    "min": 29.736916715641055,
    "sum": 2429.7491499569333
  },
  "NewSSA": {
    "min": 31.828272153310856,
    "sum": 2564.7644112640564
  }
}