{
  "initial": {
    "min": 42.95850927467137,
    "sum": 3652.1916823643573
  },
  "V5Pro": {
    "min": 45.42430079225165,
    "sum": 3647.208053103224
  },
  "GA": {
    "min": 33.07305449635019,
    "sum": 2710.2745912200753
  },
  "PSO": {
    "min": 26.446826742017585,
    "sum": 2761.740141035563
  },
  "NewSSA": {
    "min": 35.2231991947561,
    "sum": 2816.053184578536
  }
}