{
  "initial": {
    "min": 20.555569946257858,
    "sum": 2646.2583722530544
  },
  "V5Pro": {
    "min": 25.33442074701904,
    "sum": 2623.1271491458842
  },
  "GA": {
    "min": 18.756981976533602,
    "sum": 1913.889197095266
  },
  "PSO": {
    "min": 15.322694197048996,
    "sum": 1985.6679864724497
  },
  "NewSSA": {
    "min": 22.502992395212488,
    "sum": 2048.984754813827
  }
}