{
  "initial": {
    "min": 40.39559434802897,
    "sum": 3744.672370592549
  },
  "V5Pro": {
    "min": 41.305611767576366,
    "sum": 3645.487280708653
  },
  "GA": {
    "min": 28.767901516976718,
    "sum": 2702.3514057467983
  },
  "PSO": {
    "min": 35.39690118260403,
    "sum": 2748.2442089408737
  },
  "NewSSA": {
    "min": 39.145118478953776,
    "sum": 2941.4063115908334
  }
}