{
  "initial": {
    "min": 43.32810426056222,
    "sum": 3632.566525866317
  },
  "V5Pro": {
    "min": 45.36124417326159,
    "sum": 3670.8030391051116
  },
  "GA": {
    "min": 30.974889319222005,
    "sum": 2638.546097198647
  },
  "PSO": {
    "min": 34.297754924276376,
    "sum": 2667.365313493995
  },
  "NewSSA": {
    "min": 35.21990517165625,
    "sum": 2873.409950582936
  }
}