{
  "initial": {
    "min": 46.576898911114284,
    "sum": 3680.799022899328
  },
  "V5Pro": {
    "min": 48.72708483271216,
    "sum": 3691.802190879515
  },
  "GA": {
    "min": 32.5426842580321,
    "sum": 2613.4690154126515
  },
  "PSO": {
    "min": 26.861658058834742,
    "sum": 2811.2605112149854
  },
  "NewSSA": {
    "min": 35.293158254818074,
    "sum": 2824.3220494473353
  }
}