{
  "initial": {
    "min": 36.23188395111228,
    "sum": 3243.593408067932
  },
  "V5Pro": {
    "min": 39.13336419010757,
    "sum": 3419.6447944920205
  },
  "GA": {
    "min": 27.376627188169806,
    "sum": 2319.0212655428213
  },
  "PSO": {
    "min": 25.290821346175203,
    "sum": 2451.722217073161
  },
  "NewSSA": {
    "min": 28.043829561507177,
    "sum": 2514.1985520507283
  }
}