{
  "initial": {
    "min": 36.783880573566826,
    "sum": 3279.536617708167
  },
  "V5Pro": {
    "min": 42.17751644837368,
    "sum": 3235.683756658474
  },
  "GA": {
    "min": 26.763157147914555,
    "sum": 2320.6924831039973
  },
  "PSO": {
    "min": 28.604712117873106,
    "sum": 2427.433899610152
  },
  "NewSSA": {
    "min": 30.351634430064113,
    "sum": 2473.809901701954
  }
}