{
  "initial": {
    "min": 36.99258275613819,
    "sum": 3344.8116231609597
  },
  "V5Pro": {
    "min": 38.63524676674759,
    "sum": 3222.3824215684886
  },
  "GA": {
    "min": 26.178379022541908,
    "sum": 2327.223778371816
  },
  "PSO": {
    "min": 30.596585045658742,
    "sum": 2374.604896879115
  },
  "NewSSA": {
    "min": 25.572445052123992,
    "sum": 2314.512316678587
  }
}