{
  "config": {
    "seed": 62,
    "num_uav": 9,
    "num_steps": 20,
    "time_step": 5.0,
    "iter_per_step": 15,
    "user_sigma": 8.0,
    "energy_lambda": 0.3
  },
  "time": [
    0.0,
    5.0,
    10.0,
    15.0,
    20.0,
    25.0,
    30.0,
    35.0,
    40.0,
    45.0,
    50.0,
    55.0,
    60.0,
    65.0,
    70.0,
    75.0,
    80.0,
    85.0,
    90.0,
    95.0
  ],
  "BVF": {
    "min_rate": [
      27.060501313607865,
      40.008094851925634,
      39.77508475834451,
      42.390755162410684,
      41.58214781669729,
      42.50137194934565,
      39.56462201242179,
      37.80492077693434,
      33.94984892339377,
      39.49249706065528,
      35.59304581708182,
      40.127375876681455,
      37.38572693223341,
      41.791611689693624,
      40.9566972304366,
      40.54215124151833,
      42.69148990887427,
      41.30393509993717,
      41.27676974207827,
      43.44424925891437
    ],
    "sum_rate": [
      2542.742005268806,
      3240.0044948987547,
      3271.717481890885,
      3341.106138986909,
      3297.5868263062616,
      3286.923990693067,
      3284.8125704771023,
      3339.4651888998756,
      3263.5752112094656,
      3309.843097034152,
      3220.157166029391,
      3284.8454896910944,
      3243.938163416287,
      3342.5847175238023,
      3218.194909935503,
      3279.237740894819,
      3201.7379606835775,
      3166.8917153221523,
      3182.478033284224,
      3224.783582566075
    ],
    "energy_step": [
      0.0,
      90603.93944061984,
      88436.29168345756,
      84183.82756109441,
      86084.86140572386,
      82119.5714074976,
      82982.08838408667,
      75745.78550052874,
      87985.02411693818,
      87924.02636592697,
      80898.93705326706,
      83576.54243764021,
      82043.74909428335,
      82542.00011066109,
      82475.30976083872,
      81885.7021043777,
      83241.23472894929,
      83340.4280006659,
      83251.0933469282,
      85307.99762720005
    ],
    "energy_cumul": [
      0.0,
      90603.93944061984,
      179040.2311240774,
      263224.0586851718,
      349308.92009089567,
      431428.49149839324,
      514410.5798824799,
      590156.3653830086,
      678141.3894999467,
      766065.4158658737,
      846964.3529191407,
      930540.895356781,
      1012584.6444510643,
      1095126.6445617254,
      1177601.9543225642,
      1259487.656426942,
      1342728.8911558914,
      1426069.3191565573,
      1509320.4125034856,
      1594628.4101306857
    ],
    "distance": [
      0.0,
      87.3447946166709,
      74.60211144660643,
      49.603675780897206,
      60.77904866961564,
      37.468788062066196,
      42.53916009329727,
      0.0,
      71.94930053390982,
      71.59072058813487,
      30.293195629641428,
      46.03370372408987,
      37.02306079327071,
      39.952067510291826,
      39.56002318690978,
      36.093969472185144,
      44.06257170680942,
      44.64568694308821,
      44.12052634680336,
      56.21219551585997
    ]
  },
  "GA_MO": {
    "min_rate": [
      27.060501313607865,
      17.929485179393104,
      22.869376206802905,
      18.760726860011744,
      24.86742825768377,
      16.65622846092667,
      26.108487891428084,
      21.531671471029995,
      22.489810854675405,
      17.96012140064429,
      20.364695267637316,
      14.676873578340778,
      13.746544834479828,
      16.008853447562412,
      20.327128628637944,
      21.354820071120827,
      16.34697156198267,
      21.384430633106675,
      20.244597851375133,
      14.19206455119731
    ],
    "sum_rate": [
      2542.742005268806,
      2314.7490623769613,
      2432.6287249967977,
      2390.7054321622327,
      2520.5012463018375,
      2328.493954601053,
      2423.778224658599,
      2378.5894343964383,
      2517.840566586562,
      2383.7339791650998,
      2364.2899829410067,
      2266.0601789627844,
      2265.517893519862,
      2262.9143605802715,
      2275.299540512049,
      2425.694917862736,
      2291.7661414312697,
      2392.5580452443683,
      2393.582559676175,
      2371.7236502026585
    ],
    "energy_step": [
      0.0,
      363948.8484231934,
      419982.65812107833,
      425931.69119061006,
      378075.7633178372,
      369774.3679114677,
      438242.7361123719,
      476125.55514158827,
      341813.3669843093,
      418609.5248430829,
      405878.6440762417,
      455658.73430501757,
      341546.80225591274,
      339779.9655059224,
      408920.7702704809,
      468007.102937548,
      320108.65424744436,
      426867.97158495494,
      317756.29191060644,
      379061.076558311
    ],
    "energy_cumul": [
      0.0,
      363948.8484231934,
      783931.5065442717,
      1209863.1977348817,
      1587938.9610527188,
      1957713.3289641864,
      2395956.0650765584,
      2872081.6202181466,
      3213894.9872024558,
      3632504.5120455385,
      4038383.15612178,
      4494041.890426798,
      4835588.6926827105,
      5175368.658188633,
      5584289.428459113,
      6052296.531396662,
      6372405.185644106,
      6799273.157229061,
      7117029.449139668,
      7496090.525697978
    ],
    "distance": [
      0.0,
      1694.223753527842,
      2023.6227905404694,
      2058.594636553181,
      1777.2699034745349,
      1728.4695155040845,
      2130.9660559464373,
      2353.663105724556,
      1564.0986324787455,
      2015.5507215182058,
      1940.711264991331,
      2233.3473336821844,
      1562.5316113301074,
      1552.145126328583,
      1958.594636553181,
      2305.938163364536,
      1436.505818199175,
      2064.0986324787455,
      1422.677276241436,
      1783.0621427371834
    ]
  },
  "PSO_MO": {
    "min_rate": [
      27.060501313607865,
      27.674753916333835,
      26.195945421866664,
      27.793633443982326,
      25.674349526718547,
      25.973026990353066,
      25.64401412491386,
      24.87352262143647,
      24.5287557350102,
      25.103108715537775,
      24.064310841984156,
      25.990055004929893,
      23.02578622100124,
      22.177765756168576,
      24.31147415695169,
      23.768390384283588,
      23.587460491464928,
      21.727173931169457,
      25.485034461143222,
      24.52765484266835
    ],
    "sum_rate": [
      2542.742005268806,
      2518.226255070807,
      2490.6156493126664,
      2541.8423728770285,
      2498.3479398794084,
      2520.481365016525,
      2535.1467036616204,
      2516.774185228869,
      2515.0903539251563,
      2534.201084495458,
      2495.4317687457888,
      2492.0078325188665,
      2558.6178674958055,
      2531.317523431149,
      2512.9483308737454,
      2496.038053748585,
      2496.484106418794,
      2437.4135921048664,
      2475.518489750764,
      2441.292790540468
    ],
    "energy_step": [
      0.0,
      75745.78550052874,
      75745.78550052874,
      75745.78550052874,
      75745.78550052874,
      75745.78550052874,
      82463.6976979243,
      75745.78550052874,
      75745.78550052874,
      75745.78550052874,
      75745.78550052874,
      75745.78550052874,
      75745.78550052874,
      75745.78550052874,
      75745.78550052874,
      75745.78550052874,
      75745.78550052874,
      75745.78550052874,
      75745.78550052874,
      75745.78550052874
    ],
    "energy_cumul": [
      0.0,
      75745.78550052874,
      151491.57100105748,
      227237.3565015862,
      302983.14200211497,
      378728.9275026437,
      461192.625200568,
      536938.4107010968,
      612684.1962016255,
      688429.9817021543,
      764175.767202683,
      839921.5527032118,
      915667.3382037405,
      991413.1237042693,
      1067158.909204798,
      1142904.6947053268,
      1218650.4802058556,
      1294396.2657063843,
      1370142.051206913,
      1445887.8367074418
    ],