{
  "LB-BVF": {
    "mean": 0.7378529930720106,
    "std": 0.15388870400042484,
    "all": [
      1.0738792089978233,
      0.6798641250352375,
      0.6751808329718187,
      0.7193279169732705,
      0.7201446670223959,
      0.6739692499977536,
      0.6827114170300774,
      0.6881271250313148,
      0.6934732920490205,
      1.3330439580022357,
      0.6891239579999819,
      0.6875691250315867,
      0.6892799999914132,
      0.6907986670266837,
      0.6907666659681126,
      0.6801872919895686,
      0.6755322910030372,
      0.6720255000400357,
      0.6694383749854751,
      0.6783112499979325,
      0.6827328749932349,
      0.675578124995809,
      0.6767551660304889,
      0.6801775000058115,
      1.1507427080068737,
      0.6797004590043798,
      0.6971837499877438,
      0.7001845419872552,
      0.7281213749665767,
      0.7016583750373684
    ]
  },
  "GA-3D-LB": {
    "mean": 9.65707564583475,
    "std": 0.8704342160400554,
    "all": [
      10.406487500004005,
      9.84768616600195,
      9.769368166977074,
      10.08167104201857,
      10.281015957996715,
      7.904126915964298,
      9.717754791025072,
      10.938741916965228,
      7.712186499964446,
      10.14369895803975,
      8.933020833996125,
      9.896826207987033,
      9.884201000037137,
      7.534488084027544,
      9.720447375031654,
      9.756025375041645,
      9.710042916995008,
      7.929526792024262,
      9.27643862500554,
      9.743499582982622,
      9.704411250015255,
      9.761712207982782,
      9.73143791698385,
      10.149817500030622,
      10.145680208981503,
      9.79792699997779,
      10.257444332994055,
      9.093898166960571,
      10.835328500019386,
      11.047357583011035
    ]
  },
  "PSO-3D-LB": {
    "mean": 13.0184871749642,
    "std": 1.2336637197607334,
    "all": [
      12.656966082984582,
      13.227351875044405,
      13.443817332969047,
      14.310814500029664,
      15.838001041964162,
      12.986284959013574,
      13.415857749991119,
      13.416196707985364,
      13.29631058301311,
      11.269443666038569,
      13.233199874986894,
      13.185084500000812,
      13.174521917011589,
      13.16811562498333,
      12.913283917005174,
      12.942784457991365,
      13.046281874994747,
      9.888330125017092,
      10.48690674995305,
      13.006205333978869,
      13.022222667001188,
      12.41771783301374,
      13.057371041970327,
      13.302805291023105,
      13.081616166979074,
      9.980926166987047,
      14.609002416022122,
      14.475332500005607,
      14.144298582978081,
      13.557563707989175
    ]
  },
  "SSA-3D-LB": {
    "mean": 11.528750909764009,
    "std": 1.2588200502218645,
    "all": [
      13.54175741696963,
      10.65143283404177,
      10.161148459010292,
      13.496279959043022,
      11.750223749957513,
      11.135042208014056,
      12.04867375001777,
      10.684346207999624,
      10.983758833957836,
      13.140285125002265,
      11.947860582964495,
      10.0941335830139,
      11.280946541985031,
      11.398009458964225,
      11.187126333999913,
      9.889974374964368,
      10.490463124995586,
      9.889935999992304,
      12.373546083050314,
      12.374940375040751,
      11.738231250026729,
      11.176553666999098,
      13.034545416012406,
      10.222231958003249,
      12.5433094589971,
      11.10839504096657,
      10.390675957954954,
      10.861045208002906,
      10.85962408297928,
      15.408030249993317
    ]
  },
  "settings": {
    "nbrOfRealizations": 1,
    "max_iter": 20,
    "K": 40,
    "L": 6,
    "G": 9,
    "n_seeds": 30
  }
}