{
  "static": {
    "LB-BVF": {
      "mean": 12.282179210186005,
      "std": 1.075000915402364,
      "samples": 100
    },
    "GA-3D-LB": {
      "mean": 46.04176243543625,
      "std": 8.014604920837314,
      "samples": 100
    },
    "PSO-3D-LB": {
      "mean": 65.32808987140656,
      "std": 16.6294074865803,
      "samples": 100
    },
    "SSA-3D-LB": {
      "mean": 43.24381146669388,
      "std": 7.7725521726531905,
      "samples": 100
    }
  },
  "dynamic": {
    "Dynamic LB-BVF": {
      "mean": 0.2558169506125463,
      "std": 0.05341939563171203,
      "samples": 75
    },
    "GA-3D-LB": {
      "mean": 4.320834380013403,
      "std": 0.2693675288300503,
      "samples": 75
    },
    "PSO-3D-LB": {
      "mean": 5.748416215554656,
      "std": 0.3071532945081987,
      "samples": 75
    },
    "SSA-3D-LB": {
      "mean": 5.747374689990344,
      "std": 0.2957092807153552,
      "samples": 75
    }
  }
}