{
  "initial": {
    "min": 64.2929153044585,
    "sum": 1775.7005793168305
  },
  "BVF": {
    "min": 100.19723037699876,
    "sum": 2384.807084336866
  },
  "GA": {
    "min": 82.90957753068027,
    "sum": 1882.2350647739993
  },
  "PSO": {
    "min": 65.43462478869351,
    "sum": 1828.1801341573746
  },
  "NewSSA": {
    "min": 77.3096239565113,
    "sum": 1783.9643939928696
  }
}