{
  "initial": {
    "min": 69.9738280399346,
    "sum": 1706.0081223869902
  },
  "BVF": {
    "min": 90.46391251828813,
    "sum": 2184.627677354772
  },
  "GA": {
    "min": 70.55795206739552,
    "sum": 1775.7108358051328
  },
  "PSO": {
    "min": 62.68068763252922,
    "sum": 1813.3241370577578
  },
  "NewSSA": {
    "min": 81.48487061740052,
    "sum": 1931.0889994064903
  }
}