{
  "initial": {
    "min": 60.09988598119693,
    "sum": 1507.5382386261042
  },
  "BVF": {
    "min": 87.82004453219132,
    "sum": 2040.5050129572016
  },
  "GA": {
    "min": 72.72031757098576,
    "sum": 1682.2784242278208
  },
  "PSO": {
    "min": 66.05034499394797,
    "sum": 1606.4168433941545
  },
  "NewSSA": {
    "min": 73.95148355026438,
    "sum": 1626.055452612797
  }
}