{
  "initial": {
    "min": 40.2278235613128,
    "sum": 1417.0525130142478
  },
  "BVF": {
    "min": 65.71004857058682,
    "sum": 1767.6048996502768
  },
  "GA": {
    "min": 52.31733822397175,
    "sum": 1382.8498125707174
  },
  "PSO": {
    "min": 59.94829866700671,
    "sum": 1468.2075643475096
  },
  "NewSSA": {
    "min": 49.0841766570934,
    "sum": 1302.7657039823036
  }
}