{
  "initial": {
    "min": 47.89453102292218,
    "sum": 1832.2643637903168
  },
  "BVF": {
    "min": 88.75872504822686,
    "sum": 2184.838707195095
  },
  "GA": {
    "min": 79.65574489441751,
    "sum": 1948.0617262550618
  },
  "PSO": {
    "min": 75.6118204721015,
    "sum": 1859.2524498066355
  },
  "NewSSA": {
    "min": 77.3825922512311,
    "sum": 1808.9289614684888
  }
}