{
  "initial": {
    "min": 65.07262277848677,
    "sum": 1607.9823608086679
  },
  "BVF": {
    "min": 87.36596404149516,
    "sum": 1979.9513143448644
  },
  "GA": {
    "min": 69.5008269039291,
    "sum": 1609.39356924956
  },
  "PSO": {
    "min": 69.64341951712308,
    "sum": 1642.1853764205987
  },
  "NewSSA": {
    "min": 68.27539135742896,
    "sum": 1542.6627461415612
  }
}