{
  "initial": {
    "min": 41.90950114075041,
    "sum": 1478.5957256515371
  },
  "BVF": {
    "min": 71.92956557165479,
    "sum": 1893.6030516194091
  },
  "GA": {
    "min": 65.44718919364148,
    "sum": 1605.2922505318136
  },
  "PSO": {
    "min": 66.88648507930861,
    "sum": 1563.8316158953512
  },
  "NewSSA": {
    "min": 64.23956607849463,
    "sum": 1519.08747973885
  }
}