{
  "initial": {
    "min": 63.34166787687118,
    "sum": 1677.405883027731
  },
  "BVF": {
    "min": 95.44233617014577,
    "sum": 2171.1065878459626
  },
  "GA": {
    "min": 75.59895970070436,
    "sum": 1765.9271208810871
  },
  "PSO": {
    "min": 78.64078610039543,
    "sum": 1962.08732264716
  },
  "NewSSA": {
    "min": 80.7157561755946,
    "sum": 1909.4523733746244
  }
}