{
  "initial": {
    "min": 66.84516339055303,
    "sum": 1662.0298591678263
  },
  "BVF": {
    "min": 90.12588129921558,
    "sum": 2250.001465535765
  },
  "GA": {
    "min": 78.07277810128302,
    "sum": 1720.7715515895043
  },
  "PSO": {
    "min": 71.50879998837085,
    "sum": 1702.6760610472631
  },
  "NewSSA": {
    "min": 73.8944828043703,
    "sum": 1712.9581709925162
  }
}