{
  "initial": {
    "min": 46.61745626611452,
    "sum": 1340.6394524750733
  },
  "BVF": {
    "min": 74.96808850144127,
    "sum": 1735.5226707291588
  },
  "GA": {
    "min": 61.7329436962814,
    "sum": 1421.2674756500726
  },
  "PSO": {
    "min": 51.42913035315771,
    "sum": 1331.770991670506
  },
  "NewSSA": {
    "min": 60.93167575359031,
    "sum": 1400.837357552463
  }
}