{
  "initial": {
    "min": 59.229326603237986,
    "sum": 1796.918744169699
  },
  "BVF": {
    "min": 87.70973904261943,
    "sum": 2108.638973658464
  },
  "GA": {
    "min": 75.07615344360192,
    "sum": 1791.7151092930796
  },
  "PSO": {
    "min": 79.27300703014035,
    "sum": 1811.809900806977
  },
  "NewSSA": {
    "min": 73.79555154666087,
    "sum": 1821.4467022915003
  }
}