{
  "initial": {
    "min": 64.3903656974664,
    "sum": 1783.3075662209696
  },
  "BVF": {
    "min": 98.51746618257906,
    "sum": 2365.8597484690886
  },
  "GA": {
    "min": 73.37581444632892,
    "sum": 1816.8030073507546
  },
  "PSO": {
    "min": 82.83752705385258,
    "sum": 1905.7042819797716
  },
  "NewSSA": {
    "min": 77.23887768048418,
    "sum": 1793.3126494783544
  }
}