{
  "initial": {
    "min": 56.569766616682806,
    "sum": 1592.0524682195623
  },
  "BVF": {
    "min": 90.80570311418727,
    "sum": 2244.4915232154526
  },
  "GA": {
    "min": 69.91381007354968,
    "sum": 1707.1080020978939
  },
  "PSO": {
    "min": 73.36317083710594,
    "sum": 1718.9992257999659
  },
  "NewSSA": {
    "min": 74.10144851063063,
    "sum": 1723.4087454952132
  }
}