{
  "initial": {
    "min": 56.60030682003487,
    "sum": 1537.7549259757322
  },
  "BVF": {
    "min": 96.11556493340775,
    "sum": 2226.259767946079
  },
  "GA": {
    "min": 72.66148332646397,
    "sum": 1724.5573198921668
  },
  "PSO": {
    "min": 65.98451355923733,
    "sum": 1557.8735656903052
  },
  "NewSSA": {
    "min": 66.57474629597444,
    "sum": 1551.156029615161
  }
}