{
  "initial": {
    "min": 46.198025825770856,
    "sum": 1399.6762398384917
  },
  "BVF": {
    "min": 77.80359186158171,
    "sum": 1815.474462370034
  },
  "GA": {
    "min": 57.59562986744041,
    "sum": 1444.8034875844767
  },
  "PSO": {
    "min": 61.05609273959332,
    "sum": 1479.6464089004553
  },
  "NewSSA": {
    "min": 65.11962626015911,
    "sum": 1521.6454423044543
  }
}