{
  "initial": {
    "min": 34.19684952547288,
    "sum": 1347.4705685116198
  },
  "BVF": {
    "min": 76.50244717977223,
    "sum": 1957.7603126567813
  },
  "GA": {
    "min": 64.1179500238865,
    "sum": 1558.652222950766
  },
  "PSO": {
    "min": 64.3801168276312,
    "sum": 1620.1952557327418
  },
  "NewSSA": {
    "min": 66.91038213573825,
    "sum": 1546.3884289880061
  }
}