{
  "initial": {
    "min": 61.822702096028266,
    "sum": 1680.6650376333846
  },
  "BVF": {
    "min": 80.27880096900341,
    "sum": 2120.95545501743
  },
  "GA": {
    "min": 63.74788245371764,
    "sum": 1641.184216563612
  },
  "PSO": {
    "min": 74.1789281837309,
    "sum": 1740.1382958397799
  },
  "NewSSA": {
    "min": 71.23443170704302,
    "sum": 1710.614334115343
  }
}