{
  "initial": {
    "min": 64.64292460597088,
    "sum": 1693.8924015977268
  },
  "BVF": {
    "min": 99.90509494741463,
    "sum": 2304.7576676263393
  },
  "GA": {
    "min": 79.26944404072107,
    "sum": 1855.0180504186128
  },
  "PSO": {
    "min": 81.33410645121774,
    "sum": 1880.8560301427226
  },
  "NewSSA": {
    "min": 80.34113631876286,
    "sum": 1789.618128663981
  }
}