{
  "initial": {
    "min": 71.54304925594685,
    "sum": 1789.7127876072243
  },
  "BVF": {
    "min": 102.02280654330875,
    "sum": 2423.937381505127
  },
  "GA": {
    "min": 71.46410073503105,
    "sum": 1773.308210826014
  },
  "PSO": {
    "min": 77.81638773986651,
    "sum": 1809.9209159980414
  },
  "NewSSA": {
    "min": 78.1350667893525,
    "sum": 1848.1825146369397
  }
}