{
  "initial": {
    "min": 49.1131577512934,
    "sum": 1409.3462528918963
  },
  "BVF": {
    "min": 71.37118562802551,
    "sum": 1716.5845471675395
  },
  "GA": {
    "min": 56.85947869731941,
    "sum": 1412.248870189402
  },
  "PSO": {
    "min": 52.216617936755455,
    "sum": 1430.6136170193747
  },
  "NewSSA": {
    "min": 51.80797073356912,
    "sum": 1356.2272240838786
  }
}