{
  "initial": {
    "min": 72.64892303471616,
    "sum": 1791.5415858171539
  },
  "BVF": {
    "min": 96.78680718768405,
    "sum": 2433.4467874151887
  },
  "GA": {
    "min": 82.52475069076466,
    "sum": 1911.9739563690478
  },
  "PSO": {
    "min": 90.83542521271515,
    "sum": 1953.6199467828917
  },
  "NewSSA": {
    "min": 79.20108877690087,
    "sum": 1885.4628430201228
  }
}