{
  "initial": {
    "min": 49.27507050678124,
    "sum": 1616.507347573274
  },
  "BVF": {
    "min": 85.10679296973528,
    "sum": 2055.198639300106
  },
  "GA": {
    "min": 67.40862650319212,
    "sum": 1662.9054549647587
  },
  "PSO": {
    "min": 63.58835669304044,
    "sum": 1669.7212125891283
  },
  "NewSSA": {
    "min": 64.57074114986284,
    "sum": 1600.5132591582762
  }
}