{
  "initial": {
    "min": 65.03495068798769,
    "sum": 1601.3577158032695
  },
  "BVF": {
    "min": 84.23604888832539,
    "sum": 2090.726281447545
  },
  "GA": {
    "min": 66.28443090084005,
    "sum": 1699.4234482587142
  },
  "PSO": {
    "min": 67.60989915647642,
    "sum": 1637.6811592331906
  },
  "NewSSA": {
    "min": 66.79882576628349,
    "sum": 1662.6059121999656
  }
}