{
  "initial": {
    "min": 40.72780945566163,
    "sum": 1321.709137895602
  },
  "BVF": {
    "min": 80.20616613045298,
    "sum": 1864.1485595517263
  },
  "GA": {
    "min": 65.0165477629872,
    "sum": 1519.6011038292609
  },
  "PSO": {
    "min": 63.97702237266458,
    "sum": 1528.8058336156057
  },
  "NewSSA": {
    "min": 63.3454441254451,
    "sum": 1486.2383317869485
  }
}