{
  "initial": {
    "min": 66.35673854191397,
    "sum": 1641.387632707221
  },
  "BVF": {
    "min": 81.66074988404615,
    "sum": 2107.39392941069
  },
  "GA": {
    "min": 65.67959014045782,
    "sum": 1618.5919143949875
  },
  "PSO": {
    "min": 68.01842553780668,
    "sum": 1732.3819195711503
  },
  "NewSSA": {
    "min": 65.81266091259722,
    "sum": 1600.2066840601092
  }
}