{
  "initial": {
    "min": 63.13700033993192,
    "sum": 1627.667426441186
  },
  "BVF": {
    "min": 94.12299066389531,
    "sum": 2207.1128410954248
  },
  "GA": {
    "min": 78.17868930073367,
    "sum": 1768.6910418880327
  },
  "PSO": {
    "min": 82.61723125591742,
    "sum": 1859.99013765524
  },
  "NewSSA": {
    "min": 78.09434732788483,
    "sum": 1847.5353749523924
  }
}