{
  "initial": {
    "min": 47.10862846120588,
    "sum": 1426.4554191713682
  },
  "BVF": {
    "min": 71.5576755853098,
    "sum": 1709.4678951976214
  },
  "GA": {
    "min": 61.87290505455301,
    "sum": 1458.2146785702807
  },
  "PSO": {
    "min": 55.76498290029177,
    "sum": 1462.1745144059148
  },
  "NewSSA": {
    "min": 58.248889833127755,
    "sum": 1429.7579863110886
  }
}