{
  "initial": {
    "min": 51.462347043553656,
    "sum": 1651.4305598491135
  },
  "BVF": {
    "min": 91.5608531070227,
    "sum": 2141.192847824184
  },
  "GA": {
    "min": 69.78918055628426,
    "sum": 1772.3454256464734
  },
  "PSO": {
    "min": 70.34151987762688,
    "sum": 1690.8399709835828
  },
  "NewSSA": {
    "min": 70.56053708062493,
    "sum": 1709.5698533928253
  }
}