{
  "initial": {
    "min": 34.43442515588423,
    "sum": 1326.0805086000594
  },
  "BVF": {
    "min": 72.0662683692388,
    "sum": 1735.7539463619692
  },
  "GA": {
    "min": 57.47058661836396,
    "sum": 1385.5318080821455
  },
  "PSO": {
    "min": 58.38179166946264,
    "sum": 1383.122299125855
  },
  "NewSSA": {
    "min": 56.383070186984455,
    "sum": 1364.6595753740448
  }
}