{
  "initial": {
    "min": 53.8097956025117,
    "sum": 1409.9560081052548
  },
  "BVF": {
    "min": 66.36091244045161,
    "sum": 1699.897867812715
  },
  "GA": {
    "min": 55.568327187506625,
    "sum": 1389.9468701475002
  },
  "PSO": {
    "min": 50.70361802184759,
    "sum": 1403.3457517474283
  },
  "NewSSA": {
    "min": 53.79648942004723,
    "sum": 1346.0809004343794
  }
}