{
  "initial": {
    "min": 34.58886804891143,
    "sum": 3328.2020674179894
  },
  "V5Pro": {
    "min": 36.69605353634762,
    "sum": 3402.556753684657,
    "time": 4.6776251792907715
  }
}