{
  "initial": {
    "min": 28.113766864563477,
    "sum": 3263.6330232327286
  },
  "V5Pro": {
    "min": 30.240449861656614,
    "sum": 3310.0595508058173,
    "time": 4.72751784324646
  }
}