{
  "initial": {
    "min": 32.046043346408474,
    "sum": 3245.350602360562
  },
  "V5Pro": {
    "min": 33.892515981696285,
    "sum": 3237.953578330374,
    "time": 4.7192912101745605
  }
}