{
  "initial": {
    "min": 37.062433851678726,
    "sum": 3638.563793500479
  },
  "V5Pro": {
    "min": 47.71718678925887,
    "sum": 3712.129405631628,
    "time": 5.711261034011841
  }
}