{
  "initial": {
    "min": 28.971604648459344,
    "sum": 3042.115809722587
  },
  "V5Pro": {
    "min": 29.577316509917416,
    "sum": 3156.7837779444767,
    "time": 4.688859939575195
  }
}