{
  "initial": {
    "min": 33.28330933205384,
    "sum": 3414.0415386864174
  },
  "V5Pro": {
    "min": 40.59247795023329,
    "sum": 3376.984694568375,
    "time": 4.785555124282837
  }
}