{
  "initial": {
    "min": 34.73618019494483,
    "sum": 3499.99777498453
  },
  "V5Pro": {
    "min": 38.56586690282766,
    "sum": 3486.206628509987,
    "time": 5.724893093109131
  }
}