{
  "initial": {
    "min": 38.6619935810644,
    "sum": 3599.2733885826215
  },
  "V5Pro": {
    "min": 44.36046156188682,
    "sum": 3598.820582856272,
    "time": 5.795364856719971
  }
}