{
  "initial": {
    "min": 29.239555354009386,
    "sum": 3437.072011258436
  },
  "V5Pro": {
    "min": 31.531375138168958,
    "sum": 3393.8818741485848,
    "time": 5.706923961639404
  }
}