{
  "initial": {
    "min": 41.8005678454904,
    "sum": 3576.990875800195
  },
  "V5Pro": {
    "min": 44.089740147209405,
    "sum": 3704.0942395659195,
    "time": 5.732935190200806
  }
}