{
  "initial": {
    "min": 31.7645388682407,
    "sum": 3693.210464536044
  },
  "V5Pro": {
    "min": 35.06793602543077,
    "sum": 3633.2678573949697,
    "time": 5.70959210395813
  }
}