{
  "initial": {
    "min": 29.06815124585181,
    "sum": 3538.2907372225714
  },
  "V5Pro": {
    "min": 34.34068070496693,
    "sum": 3561.638862749368,
    "time": 5.765841960906982
  }
}