{
  "initial": {
    "min": 38.76083903498821,
    "sum": 3468.2975841062384
  },
  "V5Pro": {
    "min": 39.98139267645698,
    "sum": 3420.7452428512224,
    "time": 4.639744997024536
  }
}