{
  "initial": {
    "min": 26.986277275290536,
    "sum": 3330.5633237377906
  },
  "V5Pro": {
    "min": 32.261968972010195,
    "sum": 3290.287174342397,
    "time": 4.747506856918335
  }
}