{
  "seed": 42,
  "config": {
    "num_ue": 60,
    "num_uav": 9,
    "num_ground_ap": 4
  },
  "initial": {
    "min_rate": 24.27759891924473,
    "sum_rate": 2394.7677938941356,
    "user_count": [
      11.0,
      13.0,
      10.0,
      6.0,
      13.0,
      19.0,
      12.0,
      11.0,
      19.0
    ],
    "throughput": [
      540.4304972322713,
      449.55155371568827,
      387.3279577346397,
      300.66439725651173,
      464.8158849388223,
      820.8304692878786,
      498.9232218649161,
      450.67312383118565,
      716.0576771412175
    ],
    "load_index": [
      1.0808609944645424,
      0.8991031074313766,
      0.7746559154692794,
      0.6013287945130235,
      0.9296317698776446,
      1.6416609385757572,
      0.9978464437298322,
      0.9013462476623713,
      1.432115354282435
    ],
    "avg_load": 1.0287277295562514,
    "max_load": 1.6416609385757572,
    "jfi": 0.9196507635458488,
    "overload_count": 2,
    "max_avg_ratio": 1.5958167466549218
  },
  "algorithms": {
    "LB-BVF": {
      "min_rate": 30.27250393300102,
      "sum_rate": 2947.2966721808675,
      "user_count": [
        11.0,
        13.0,
        10.0,
        6.0,
        16.0,
        14.0,
        10.0,
        16.0,
        13.0
      ],
      "throughput": [
        624.6687680586855,
        538.6336062607406,
        491.3814857331407,
        354.1952556800143,
        693.5464012137215,
        720.5560127179955,
        498.4907968755038,
        797.0521748034809,
        688.8383799242158
      ],
      "load_index": [
        1.249337536117371,
        1.0772672125214813,
        0.9827629714662814,
        0.7083905113600286,
        1.3870928024274432,
        1.441112025435991,
        0.9969815937510076,
        1.5941043496069618,
        1.3776767598484316
      ],
      "avg_load": 1.201636195837222,
      "max_load": 1.5941043496069618,
      "jfi": 0.9539315969329576,
      "overload_count": 1,
      "max_avg_ratio": 1.3266114612126567,
      "time": 3.8020968437194824
    },
    "BVF_V5Pro": {
      "min_rate": 35.55124871605455,
      "sum_rate": 3042.2661517036045,
      "user_count": [
        11.0,
        12.0,
        11.0,
        6.0,
        13.0,
        18.0,
        12.0,
        11.0,
        18.0
      ],
      "throughput": [
        657.60495473767,
        565.9847697325554,
        537.2010119484524,
        363.01022947619674,
        595.222549049224,
        918.0951532211219,
        648.4177293563403,
        526.6901224884009,
        845.8965706078358
      ],
      "load_index": [
        1.31520990947534,
        1.1319695394651108,
        1.074402023896905,
        0.7260204589523935,
        1.190445098098448,
        1.8361903064422438,
        1.2968354587126805,
        1.0533802449768017,
        1.6917931412156715
      ],
      "avg_load": 1.2573606868039549,
      "max_load": 1.8361903064422438,
      "jfi": 0.9401194752168588,
      "overload_count": 2,
      "max_avg_ratio": 1.4603528849849259,
      "time": 3.765181064605713
    },
    "GA": {
      "min_rate": 27.87711254356756,
      "sum_rate": 2324.9296106991674,
      "user_count": [
        8.0,
        9.0,
        22.0,
        17.0,
        8.0,
        14.0,
        10.0,
        11.0,
        10.0
      ],
      "throughput": [
        370.6675920352383,
        369.62180350287366,
        811.1487935090372,
        686.7703543262271,
        393.9697630544126,
        625.6632588498494,
        359.62012663601206,
        498.67477742564256,
        364.72159018481983
      ],
      "load_index": [
        0.7413351840704765,
        0.7392436070057473,
        1.6222975870180745,
        1.3735407086524543,
        0.7879395261088252,
        1.2513265176996988,
        0.7192402532720241,
        0.9973495548512851,
        0.7294431803696396
      ],
      "avg_load": 0.9957462354498028,
      "max_load": 1.6222975870180745,
      "jfi": 0.9063822128573372,
      "overload_count": 2,
      "max_avg_ratio": 1.629227939067843,
      "time": 39.51528072357178
    },
    "PSO": {
      "min_rate": 29.69398265364727,
      "sum_rate": 2433.534740048275,
      "user_count": [
        7.0,
        11.0,
        9.0,
        10.0,
        10.0,
        17.0,
        13.0,
        13.0,
        20.0
      ],
      "throughput": [
        340.3052223409744,
        399.6117027394011,
        351.5543045191722,
        444.8309705004102,
        413.58646805857995,
        710.3295026793323,
        562.0562727575417,
        536.9359323465482,
        761.7200208926912
      ],
      "load_index": [
        0.6806104446819489,
        0.7992234054788022,
        0.7031086090383444,
        0.8896619410008204,
        0.8271729361171599,
        1.4206590053586647,
        1.1241125455150833,
        1.0738718646930963,
        1.5234400417853824
      ],
      "avg_load": 1.0046511992965892,
      "max_load": 1.5234400417853824,
      "jfi": 0.9242861012775371,
      "overload_count": 2,
      "max_avg_ratio": 1.5163870235266816,
      "time": 151.5191240310669
    },
    "NewSSA": {
      "min_rate": 27.286141802458857,
      "sum_rate": 2299.3598578122537,
      "user_count": [
        13.0,
        13.0,
        10.0,
        4.0,
        22.0,
        8.0,
        13.0,
        10.0,
        14.0
      ],
      "throughput": [
        451.71371927664575,
        525.7328340886295,
        367.1534805421332,
        192.36877508779543,
        786.3152283879291,
        286.4217757281881,
        475.61990018449495,
        473.38365473643364,
        648.1870384659214
      ],
      "load_index": [
        0.9034274385532914,
        1.051465668177259,
        0.7343069610842664,
        0.38473755017559086,
        1.5726304567758582,
        0.5728435514563762,
        0.9512398003689899,
        0.9467673094728672,
        1.2963740769318428
      ],
      "avg_load": 0.9348658681107046,
      "max_load": 1.5726304567758582,
      "jfi": 0.8845774825511458,
      "overload_count": 2,
      "max_avg_ratio": 1.682199030276233,
      "time": 216.30558514595032
    }
  }
}