{
  "config": {
    "seed": 62,
    "num_uav": 9,
    "num_steps": 20,
    "time_step": 5.0,
    "iter_per_step": 15,
    "user_sigma": 8.0
  },
  "time": [
    0.0,
    5.0,
    10.0,
    15.0,
    20.0,
    25.0,
    30.0,
    35.0,
    40.0,
    45.0,
    50.0,
    55.0,
    60.0,
    65.0,
    70.0,
    75.0,
    80.0,
    85.0,
    90.0,
    95.0
  ],
  "BVF": {
    "min_rate": [
      27.060501313607865,
      43.902936410786964,
      39.63083646185376,
      41.061297078744076,
      44.03045106356295,
      42.508233531457215,
      43.779669885994856,
      42.86822820676168,
      44.00255188967479,
      43.706873226369765,
      44.06445134012151,
      43.41631975919237,
      42.47557480355997,
      41.837849803805774,
      41.339015230524026,
      41.11661111857643,
      40.512979945689246,
      38.33799466020968,
      38.48391012184663,
      38.530174718441344
    ],
    "sum_rate": [
      2542.742005268806,
      3315.729906286577,
      3311.0306336233884,
      3491.1099641767414,
      3382.9861452467676,
      3412.0177091001187,
      3439.172896720872,
      3429.575421923198,
      3408.5378996024724,
      3366.3342811469124,
      3276.8607325899184,
      3339.1609581892776,
      3324.526268236387,
      3327.476840114296,
      3280.3326645973934,
      3314.92238505736,
      3325.5181204468277,
      3237.087818206155,
      3141.1659835151127,
      3186.5983763734657
    ],
    "energy_step": [
      0.0,
      145209.12034355424,
      126309.93516484057,
      114972.02437372078,
      120113.80072437963,
      106787.31905936229,
      104447.26852179391,
      97494.44057589682,
      94613.2296736294,
      92082.80768639017,
      109835.32863969111,
      96711.58319071334,
      91568.43537867987,
      96532.17787333872,
      95965.81592190436,
      75745.78550052874,
      100334.5928249827,
      108460.63826454717,
      101850.96764158145,
      94584.13907688527
    ],
    "energy_cumul": [
      0.0,
      145209.12034355424,
      271519.05550839484,
      386491.0798821156,
      506604.8806064952,
      613392.1996658575,
      717839.4681876514,
      815333.9087635481,
      909947.1384371775,
      1002029.9461235676,
      1111865.2747632586,
      1208576.857953972,
      1300145.2933326517,
      1396677.4712059905,
      1492643.2871278948,
      1568389.0726284236,
      1668723.6654534063,
      1777184.3037179534,
      1879035.271359535,
      1973619.4104364202
    ],
    "distance": [
      0.0,
      408.3455279650915,
      297.24522206483806,
      230.5944461053568,
      260.8207717393474,
      182.48002976782934,
      168.72386366397444,
      127.85113267814184,
      110.91371397050403,
      96.03843473594496,
      200.39798726489875,
      123.24904564911382,
      93.0146577745129,
      122.1943977660452,
      118.86499570666467,
      0.0,
      144.5471849519791,
      192.31676472792685,
      153.4613103171991,
      110.74270267205218
    ]
  },
  "GA": {
    "min_rate": [
      27.060501313607865,
      29.11086348968642,
      29.759762621854712,
      27.584970194950973,
      28.36674292025619,
      26.278660507457733,
      29.149682285104042,
      28.42437163189389,
      24.826117872058894,
      26.141545711140505,
      26.22927896807974,
      28.715014795755316,
      27.783766037520056,
      26.690633462938905,
      24.898253560627026,
      29.505986391537995,
      24.31195618298745,
      25.36773444556412,
      25.145355130097528,
      27.13096759236651
    ],
    "sum_rate": [
      2542.742005268806,
      2485.3223524651403,
      2603.6495643082303,
      2596.888376490295,
      2528.6786551451783,
      2516.2282042074908,
      2555.9727844404983,
      2607.6583716847113,
      2519.143737815485,
      2454.284383899682,
      2459.2843351803594,
      2532.2408967358797,
      2473.829623042251,
      2490.378211114078,
      2459.7473016963295,
      2510.548048676216,
      2432.5893363421837,
      2493.7464735999747,
      2479.394814007388,
      2409.4280578494922
    ],
    "energy_step": [
      0.0,
      792569.3321257401,
      587004.2233656859,
      684079.6131239113,
      906081.2704090563,
      923194.623510772,
      660847.1558778669,
      1027379.2950279375,
      989602.2846628868,
      878979.4060833872,
      886985.7938682684,
      743871.1264281949,
      767498.6438758192,
      836538.502940573,
      871063.070313682,
      881729.6906021391,
      733176.5481748553,
      872102.9141206862,
      730113.9598880962,
      833271.1441796309
    ],
    "energy_cumul": [
      0.0,
      792569.3321257401,
      1379573.555491426,
      2063653.1686153375,
      2969734.439024394,
      3892929.062535166,
      4553776.218413033,
      5581155.51344097,
      6570757.798103857,
      7449737.204187244,
      8336722.998055512,
      9080594.124483706,
      9848092.768359525,
      10684631.271300098,
      11555694.34161378,
      12437424.03221592,
      13170600.580390774,
      14042703.494511459,
      14772817.454399556,
      15606088.598579187
    ],
    "distance": [
      0.0,
      4213.902057336529,
      3005.471839329886,
      3576.1369444939182,
      4881.190670435639,
      4981.792825851372,
      3439.563167241486,
      5594.250387710255,
      5372.175342259018,
      4721.870287647902,
      4768.936450746733,
      3927.625929628944,
      4066.522098499293,
      4472.378191705033,
      4675.33350220945,
      4738.038045593901,
      3864.7570332090877,
      4681.4463035791505,
      3846.753373670966,
      4453.1707732690575
    ]
  },
  "PSO": {
    "min_rate": [
      27.060501313607865,
      29.3248928455247,
      28.391559282494974,
      30.440098736366185,
      31.749403636649436,
      31.811705466756372,
      32.97126172642537,
      33.33139557870826,
      32.622209872181834,
      30.16231535016879,
      30.754851383986807,
      35.60276318306046,
      32.33664860836165,
      32.48371142241133,
      33.631609128681006,
      31.410570424014438,
      28.397469886294527,
      30.671847397994675,
      28.777322185858427,
      29.699581490015575
    ],
    "sum_rate": [
      2542.742005268806,
      2499.9254053019226,
      2537.9076426954284,
      2689.8607617213775,
      2651.96628533696,
      2635.824298686578,
      2640.032657304316,
      2669.6339545443025,
      2643.0228409473543,
      2577.5487805310436,
      2581.952347451017,
      2600.4952460997533,
      2546.9547663080834,
      2510.806035565908,
      2562.803172045578,
      2536.6234925895233,
      2549.044225484825,
      2537.42914493561,
      2475.3901578513937,
      2497.5825667686727
    ],
    "energy_step": [
      0.0,
      725728.148890134,
      663692.874769204,
      268371.1536437067,
      146915.6092530489,
      95460.83574609029,
      130913.40231848741,
      90843.62636563624,
      103843.05819061432,
      140214.96214159887,
      114656.71974721042,
      120640.40324281898,
      91175.74914931797,
      97126.09501796242,
      116710.83138163816,
      95187.28358877769,
      124223.854974538,
      141197.30815316128,
      132924.11980359614,
      116894.43544292495
    ],
    "energy_cumul": [
      0.0,
      725728.148890134,
      1389421.0236593378,
      1657792.1773030446,
      1804707.7865560935,
      1900168.6223021839,
      2031082.0246206713,
      2121925.6509863073,
      2225768.7091769218,
      2365983.671318521,
      2480640.391065731,
      2601280.79430855,
      2692456.543457868,
      2789582.6384758307,
      2906293.4698574687,
      3001480.7534462465,
      3125704.6084207846,
      3266901.916573946,
      3399826.036377542,
      3516720.471820467
    ],