{
  "initial": {
    "min": 33.256972841228375,
    "sum": 2898.0432312057105
  },
  "V3": {
    "min": 41.52511697116174,
    "sum": 2959.8809687965713,
    "time": 5.486572027206421
  },
  "V5Pro": {
    "min": 46.060807429068895,
    "sum": 3666.7610255865416,
    "time": 5.699480056762695
  },
  "V6": {
    "min": 50.41857972707212,
    "sum": 3749.1052669915603,
    "time": 5.679916858673096
  }
}