{
  "initial": {
    "min": 29.354532224533937,
    "sum": 2884.507246059433
  },
  "V3": {
    "min": 43.10372621820852,
    "sum": 3006.128016750066,
    "time": 5.582434177398682
  },
  "V5Pro": {
    "min": 45.06389499641333,
    "sum": 3708.397741084511,
    "time": 5.6616051197052
  },
  "V6": {
    "min": 49.46192696269282,
    "sum": 3742.3006150109522,
    "time": 5.654277086257935
  }
}