{
  "initial": {
    "min": 30.58389561818893,
    "sum": 2907.7461063701
  },
  "V3": {
    "min": 42.383858482591855,
    "sum": 3072.4689085003115,
    "time": 5.572723865509033
  },
  "V5Pro": {
    "min": 43.306475383896206,
    "sum": 3733.7092598515646,
    "time": 5.657071828842163
  },
  "V6": {
    "min": 46.968719090509715,
    "sum": 3800.5679477358326,
    "time": 5.693583011627197
  }
}