{
  "initial": {
    "min": 31.384080405069234,
    "sum": 2547.8738594563038
  },
  "V3": {
    "min": 37.048019450595326,
    "sum": 2610.039144189159,
    "time": 4.647670030593872
  },
  "V5Pro": {
    "min": 42.28765258996816,
    "sum": 3242.384461971809,
    "time": 4.667465925216675
  },
  "V6": {
    "min": 43.49021835989891,
    "sum": 3435.7949260488567,
    "time": 4.715962886810303
  }
}