{
  "initial": {
    "min": 17.687718893924625,
    "sum": 2045.169466314234
  },
  "V3": {
    "min": 25.803455738560114,
    "sum": 2172.3230994837572,
    "time": 3.702380895614624
  },
  "V5Pro": {
    "min": 27.44109426575242,
    "sum": 2665.3308076717817,
    "time": 3.76637601852417
  },
  "V6": {
    "min": 30.433236785159234,
    "sum": 2743.6538419714097,
    "time": 3.838186025619507
  }
}