{
  "initial": {
    "min": 20.78414016961665,
    "sum": 2063.184423860257
  },
  "V3": {
    "min": 28.268327442903693,
    "sum": 2127.126831321486,
    "time": 3.7651591300964355
  },
  "V5Pro": {
    "min": 28.234582880599284,
    "sum": 2732.3178157778543,
    "time": 3.704498291015625
  },
  "V6": {
    "min": 31.820725768889684,
    "sum": 2745.2825247383275,
    "time": 3.6840009689331055
  }
}