{
  "initial": {
    "min": 20.185230832521665,
    "sum": 2139.8084169309204
  },
  "V3": {
    "min": 22.720448367223554,
    "sum": 2106.4751209922315,
    "time": 3.684252977371216
  },
  "V5Pro": {
    "min": 28.086810984434265,
    "sum": 2744.6719707246257,
    "time": 3.7876410484313965
  },
  "V6": {
    "min": 29.457586286467205,
    "sum": 2693.0645654189557,
    "time": 3.738124132156372
  }
}