{
  "initial": {
    "min": 35.49705229682169,
    "sum": 2871.7018901539113
  },
  "V3": {
    "min": 41.51795977029251,
    "sum": 2943.6885014285926,
    "time": 5.5343921184539795
  },
  "V5Pro": {
    "min": 42.683298094018205,
    "sum": 3585.9045372705255,
    "time": 5.612236738204956
  },
  "V6": {
    "min": 44.23546480281328,
    "sum": 3568.4045515489966,
    "time": 5.677809953689575
  }
}