{
  "initial": {
    "min": 27.060501313607865,
    "sum": 2542.742005268806
  },
  "V3": {
    "min": 36.28504223083268,
    "sum": 2557.7476510758643,
    "time": 4.626276969909668
  },
  "V5Pro": {
    "min": 37.56276420696828,
    "sum": 3181.479903927818,
    "time": 4.6332409381866455
  },
  "V6": {
    "min": 43.9877018956419,
    "sum": 3396.4262686646903,
    "time": 4.654880046844482
  }
}