{
  "initial": {
    "min": 32.247964479757826,
    "sum": 2558.064734020894
  },
  "V3": {
    "min": 36.50442947752027,
    "sum": 2591.2280222166005,
    "time": 4.59400200843811
  },
  "V5Pro": {
    "min": 42.47455080323236,
    "sum": 3291.18599758266,
    "time": 4.640822887420654
  },
  "V6": {
    "min": 41.54036360198043,
    "sum": 3300.8755727592293,
    "time": 4.696681022644043
  }
}