{
  "initial": {
    "min": 33.69137861545102,
    "sum": 2909.967949983689
  },
  "V3": {
    "min": 40.83435719865278,
    "sum": 2995.9257474761584,
    "time": 5.529632091522217
  },
  "V5Pro": {
    "min": 45.3368556442767,
    "sum": 3652.624134050842,
    "time": 5.731679916381836
  },
  "V6": {
    "min": 47.17424172548037,
    "sum": 3870.078305839106,
    "time": 5.697697877883911
  }
}