{
  "initial": {
    "min": 20.9206398470132,
    "sum": 2145.959765228293
  },
  "V3": {
    "min": 25.12383035616656,
    "sum": 2106.9601938289557,
    "time": 3.727639675140381
  },
  "V5Pro": {
    "min": 28.504375888236897,
    "sum": 2745.365767634131,
    "time": 3.92037296295166
  },
  "V6": {
    "min": 33.95643786866471,
    "sum": 2819.83154126198,
    "time": 3.663224220275879
  }
}