{
  "initial": {
    "min": 17.972312160666473,
    "sum": 2153.70294339158
  },
  "V3": {
    "min": 26.85787426981202,
    "sum": 2177.1078348496244,
    "time": 3.703519105911255
  },
  "V5Pro": {
    "min": 24.92631442199572,
    "sum": 2795.1597133434484,
    "time": 3.6294639110565186
  },
  "V6": {
    "min": 30.390144389612296,
    "sum": 2845.956111840303,
    "time": 3.6564059257507324
  }
}