{
  "initial": {
    "min": 28.85675330992243,
    "sum": 2598.0641807953384
  },
  "V3": {
    "min": 36.01763617949251,
    "sum": 2596.156620194841,
    "time": 4.556187152862549
  },
  "V5Pro": {
    "min": 43.10052651856618,
    "sum": 3278.4644532817015,
    "time": 4.637006998062134
  },
  "V6": {
    "min": 43.974449026749866,
    "sum": 3394.5207540220285,
    "time": 4.703633069992065
  }
}