{
  "initial": {
    "min": 27.651972095410457,
    "sum": 2638.8041116930044
  },
  "V3": {
    "min": 36.9607369440064,
    "sum": 2704.4439079304434,
    "time": 4.583421945571899
  },
  "V5Pro": {
    "min": 40.050626058124124,
    "sum": 3454.2179202540146,
    "time": 4.694583177566528
  },
  "V6": {
    "min": 41.77245475084469,
    "sum": 3325.209337299205,
    "time": 4.662626028060913
  }
}