{
  "initial": {
    "min_rate": 13.108820422615103,
    "sum_rate": 1967.8000739954148,
    "mean_rate": 32.79666789992358,
    "std_rate": 11.13473756280588,
    "time": 0.0
  },
  "VF": {
    "min_rate": 25.5565318863305,
    "sum_rate": 2132.897901986012,
    "mean_rate": 35.548298366433535,
    "std_rate": 6.896472516002493,
    "time": 5.777906894683838
  },
  "GA": {
    "min_rate": 22.938525505361994,
    "sum_rate": 2066.3077819122886,
    "mean_rate": 34.43846303187148,
    "std_rate": 7.508083231786435,
    "time": 174.42918610572815
  },
  "PSO": {
    "min_rate": 20.819206406372395,
    "sum_rate": 2093.1805503008964,
    "mean_rate": 34.88634250501494,
    "std_rate": 8.899123088347421,
    "time": 228.95848488807678
  },
  "NewSSA": {
    "min_rate": 22.053212944741073,
    "sum_rate": 2015.1318631953359,
    "mean_rate": 34.04512077694222,
    "std_rate": 7.753150673429753,
    "time": 342.6938359737396
  }
}