{
  "initial": {
    "min_rate": 13.840544913354313,
    "sum_rate": 1950.2745973588471,
    "mean_rate": 32.504576622647456,
    "std_rate": 11.817583191332684,
    "time": 0.0
  },
  "VF": {
    "min_rate": 22.31315157116239,
    "sum_rate": 2045.5633889204785,
    "mean_rate": 34.092723148674644,
    "std_rate": 8.402831709697145,
    "time": 5.281980991363525
  },
  "GA": {
    "min_rate": 21.933312290401606,
    "sum_rate": 2113.3208227166583,
    "mean_rate": 35.22201371194431,
    "std_rate": 7.879119471682103,
    "time": 166.55944919586182
  },
  "PSO": {
    "min_rate": 18.803056848250545,
    "sum_rate": 2186.5873279032508,
    "mean_rate": 36.44312213172085,
    "std_rate": 7.769071270751142,
    "time": 3934.1769149303436
  },
  "NewSSA": {
    "min_rate": 19.4137704322266,
    "sum_rate": 2006.3317219026442,
    "mean_rate": 33.76018243672393,
    "std_rate": 10.092756331918107,
    "time": 222.7015781402588
  }
}