{
  "initial": {
    "min_rate": 10.834194582001848,
    "sum_rate": 2164.3428981118495,
    "mean_rate": 36.072381635197495,
    "std_rate": 11.132542244244263,
    "time": 0.0
  },
  "VF": {
    "min_rate": 23.075453623683483,
    "sum_rate": 2240.700824775432,
    "mean_rate": 37.3450137462572,
    "std_rate": 8.678588890781777,
    "time": 4.863630056381226
  },
  "GA": {
    "min_rate": 22.08342948617103,
    "sum_rate": 2192.4445828173803,
    "mean_rate": 36.54074304695634,
    "std_rate": 8.683138336236626,
    "time": 148.97086930274963
  },
  "PSO": {
    "min_rate": 22.302075981037095,
    "sum_rate": 2324.5083513649774,
    "mean_rate": 38.741805856082955,
    "std_rate": 8.538428540929706,
    "time": 190.37854194641113
  },
  "NewSSA": {
    "min_rate": 24.277618074017504,
    "sum_rate": 2149.0765332841015,
    "mean_rate": 36.37781080731509,
    "std_rate": 7.865836971681963,
    "time": 291.5853199958801
  }
}