{
  "initial": {
    "min_rate": 16.799292430416305,
    "sum_rate": 1957.126045050045,
    "mean_rate": 32.61876741750075,
    "std_rate": 10.453427990970235,
    "time": 0.0
  },
  "VF": {
    "min_rate": 21.343865963495666,
    "sum_rate": 2083.6136275697068,
    "mean_rate": 34.72689379282845,
    "std_rate": 8.711801544949502,
    "time": 5.075763940811157
  },
  "GA": {
    "min_rate": 18.559218558852194,
    "sum_rate": 2030.8174272115382,
    "mean_rate": 33.8469571201923,
    "std_rate": 8.825786342735757,
    "time": 148.61581993103027
  },
  "PSO": {
    "min_rate": 17.09568608393411,
    "sum_rate": 2178.2890658027904,
    "mean_rate": 36.30481776337984,
    "std_rate": 8.683444201612016,
    "time": 164.24308013916016
  },
  "NewSSA": {
    "min_rate": 19.689131363472224,
    "sum_rate": 2050.846092244332,
    "mean_rate": 34.228375720182655,
    "std_rate": 10.0941338367155,
    "time": 217.71965503692627
  }
}