{
  "initial": {
    "min_rate": 16.4323836193204,
    "sum_rate": 2105.6532291215117,
    "mean_rate": 35.09422048535853,
    "std_rate": 10.469306521724647,
    "time": 0.0
  },
  "VF": {
    "min_rate": 22.660512875512154,
    "sum_rate": 2114.3834982482313,
    "mean_rate": 35.239724970803856,
    "std_rate": 8.55391106671309,
    "time": 3.8437440395355225
  },
  "GA": {
    "min_rate": 24.924416644976546,
    "sum_rate": 2160.375926791522,
    "mean_rate": 36.00626544652537,
    "std_rate": 6.248750551151296,
    "time": 119.67287087440491
  },
  "PSO": {
    "min_rate": 22.270678422744677,
    "sum_rate": 2241.127296731473,
    "mean_rate": 37.35212161219122,
    "std_rate": 7.69631072564837,
    "time": 160.0251817703247
  },
  "NewSSA": {
    "min_rate": 20.252013931894858,
    "sum_rate": 2079.942447724717,
    "mean_rate": 34.31226449125419,
    "std_rate": 10.067880610261339,
    "time": 254.22775292396545
  }
}