{
  "initial": {
    "min_rate": 13.893450218931939,
    "sum_rate": 1948.7269390264419,
    "mean_rate": 32.47878231710737,
    "std_rate": 8.959611399023837,
    "time": 0.0
  },
  "VF": {
    "min_rate": 18.667894032236298,
    "sum_rate": 1981.1876779153338,
    "mean_rate": 33.01979463192223,
    "std_rate": 9.602475875980174,
    "time": 5.104038238525391
  },
  "GA": {
    "min_rate": 22.346147196333135,
    "sum_rate": 2062.4472473518285,
    "mean_rate": 34.37412078919714,
    "std_rate": 7.481818836521139,
    "time": 152.9388620853424
  },
  "PSO": {
    "min_rate": 20.268981472091532,
    "sum_rate": 2141.386846547386,
    "mean_rate": 35.68978077578977,
    "std_rate": 9.332495067849779,
    "time": 191.0078158378601
  },
  "NewSSA": {
    "min_rate": 21.076634576272937,
    "sum_rate": 2036.185550723274,
    "mean_rate": 33.54356268081188,
    "std_rate": 6.942813792110807,
    "time": 292.16240406036377
  }
}