{
  "initial": {
    "min_rate": 17.023177753869696,
    "sum_rate": 2042.6165774728638,
    "mean_rate": 34.04360962454773,
    "std_rate": 8.650146158608102,
    "time": 0.0
  },
  "VF": {
    "min_rate": 21.50898094166269,
    "sum_rate": 2124.976323225622,
    "mean_rate": 35.416272053760366,
    "std_rate": 7.755266935537613,
    "time": 4.9219160079956055
  },
  "GA": {
    "min_rate": 21.402311461734396,
    "sum_rate": 2116.904086166039,
    "mean_rate": 35.28173476943399,
    "std_rate": 7.207212768152136,
    "time": 149.85075116157532
  },
  "PSO": {
    "min_rate": 21.701086451946928,
    "sum_rate": 2216.6945219625723,
    "mean_rate": 36.94490869937621,
    "std_rate": 7.591083703344285,
    "time": 191.54730606079102
  },
  "NewSSA": {
    "min_rate": 20.01313973049989,
    "sum_rate": 2027.4007615673172,
    "mean_rate": 33.99568714642316,
    "std_rate": 8.496472567635864,
    "time": 293.58893299102783
  }
}