{
  "initial": {
    "min_rate": 17.92173721696777,
    "sum_rate": 2083.126543591357,
    "mean_rate": 34.718775726522615,
    "std_rate": 10.154841896400235,
    "time": 0.0
  },
  "VF": {
    "min_rate": 21.07167791278326,
    "sum_rate": 2164.8397683042085,
    "mean_rate": 36.08066280507014,
    "std_rate": 9.157773239709767,
    "time": 4.977536916732788
  },
  "GA": {
    "min_rate": 22.41418645221512,
    "sum_rate": 2151.6976029673474,
    "mean_rate": 35.86162671612246,
    "std_rate": 6.884088011744107,
    "time": 151.0234649181366
  },
  "PSO": {
    "min_rate": 16.297220501538437,
    "sum_rate": 2232.812497554264,
    "mean_rate": 37.213541625904405,
    "std_rate": 8.9090897253515,
    "time": 192.71963739395142
  },
  "NewSSA": {
    "min_rate": 20.35437558940614,
    "sum_rate": 2069.6026814350257,
    "mean_rate": 35.018072333669686,
    "std_rate": 9.55034529249976,
    "time": 296.03475999832153
  }
}