{
  "initial": {
    "min_rate": 12.296684398059698,
    "sum_rate": 2157.4046179774377,
    "mean_rate": 35.9567436329573,
    "std_rate": 9.845207924553655,
    "time": 0.0
  },
  "VF": {
    "min_rate": 19.552832038673053,
    "sum_rate": 2151.8625756658166,
    "mean_rate": 35.86437626109694,
    "std_rate": 8.762723494947608,
    "time": 4.95847487449646
  },
  "GA": {
    "min_rate": 22.036246275174225,
    "sum_rate": 2090.4297006394213,
    "mean_rate": 34.84049501065702,
    "std_rate": 7.37642569535207,
    "time": 152.47726726531982
  },
  "PSO": {
    "min_rate": 21.81867590625304,
    "sum_rate": 2209.6916749898596,
    "mean_rate": 36.828194583164326,
    "std_rate": 7.411555397155566,
    "time": 194.82704091072083
  },
  "NewSSA": {
    "min_rate": 21.432082033943274,
    "sum_rate": 2052.691466144096,
    "mean_rate": 33.76069392316074,
    "std_rate": 6.812930579093432,
    "time": 301.0401990413666
  }
}