{
  "initial": {
    "min_rate": 15.011037252977887,
    "sum_rate": 2106.947676018534,
    "mean_rate": 35.115794600308895,
    "std_rate": 9.88679361673467,
    "time": 0.0
  },
  "VF": {
    "min_rate": 28.36261339487876,
    "sum_rate": 2218.217103792481,
    "mean_rate": 36.97028506320802,
    "std_rate": 5.771283554451354,
    "time": 4.993021011352539
  },
  "GA": {
    "min_rate": 23.750461100517576,
    "sum_rate": 2134.025915452278,
    "mean_rate": 35.567098590871296,
    "std_rate": 6.410951577405716,
    "time": 165.12236189842224
  },
  "PSO": {
    "min_rate": 19.210617120865344,
    "sum_rate": 2231.4999509594372,
    "mean_rate": 37.191665849323954,
    "std_rate": 9.038610608247678,
    "time": 195.35807704925537
  },
  "NewSSA": {
    "min_rate": 22.402921196425567,
    "sum_rate": 2066.609634023361,
    "mean_rate": 34.55555061796989,
    "std_rate": 9.153754053303551,
    "time": 301.91674876213074
  }
}