{
  "initial": {
    "min_rate": 13.930184014964109,
    "sum_rate": 1978.4850913307605,
    "mean_rate": 32.97475152217934,
    "std_rate": 10.469551013661608,
    "time": 0.0
  },
  "VF": {
    "min_rate": 21.7363455156265,
    "sum_rate": 2038.2580848607645,
    "mean_rate": 33.97096808101274,
    "std_rate": 8.567805930680706,
    "time": 4.355726003646851
  },
  "GA": {
    "min_rate": 21.966633364046064,
    "sum_rate": 2088.4753546603506,
    "mean_rate": 34.80792257767251,
    "std_rate": 7.53374470314596,
    "time": 134.64039397239685
  },
  "PSO": {
    "min_rate": 10.596076566893524,
    "sum_rate": 2191.1970771889437,
    "mean_rate": 36.519951286482396,
    "std_rate": 11.66624614584483,
    "time": 176.25372624397278
  },
  "NewSSA": {
    "min_rate": 19.13040881972454,
    "sum_rate": 1966.3849208891857,
    "mean_rate": 32.97759390151653,
    "std_rate": 7.85344192468257,
    "time": 277.4724190235138
  }
}