{
  "initial": {
    "min_rate": 14.071384009014304,
    "sum_rate": 2090.0903564855475,
    "mean_rate": 34.834839274759126,
    "std_rate": 10.257095056898878,
    "time": 0.0
  },
  "VF": {
    "min_rate": 26.05388649999244,
    "sum_rate": 2176.225251462251,
    "mean_rate": 36.27042085770418,
    "std_rate": 6.774234307473204,
    "time": 3.755781888961792
  },
  "GA": {
    "min_rate": 23.88104696909837,
    "sum_rate": 2184.4275040212215,
    "mean_rate": 36.40712506702036,
    "std_rate": 7.892108162698066,
    "time": 120.95384192466736
  },
  "PSO": {
    "min_rate": 24.46480923736104,
    "sum_rate": 2278.3216595760236,
    "mean_rate": 37.97202765960039,
    "std_rate": 6.956785805308254,
    "time": 158.9705512523651
  },
  "NewSSA": {
    "min_rate": 22.382589306323098,
    "sum_rate": 2139.538777254881,
    "mean_rate": 35.67536180147572,
    "std_rate": 7.693633419122406,
    "time": 263.5049018859863
  }
}