{
  "initial": {
    "min_rate": 14.893138253656566,
    "sum_rate": 1932.3710236259096,
    "mean_rate": 32.20618372709849,
    "std_rate": 10.771184622820163,
    "time": 0.0
  },
  "VF": {
    "min_rate": 24.56479318471028,
    "sum_rate": 2101.350354687691,
    "mean_rate": 35.022505911461515,
    "std_rate": 7.134943304616081,
    "time": 4.515111207962036
  },
  "GA": {
    "min_rate": 21.987068501096203,
    "sum_rate": 2035.720848205185,
    "mean_rate": 33.928680803419745,
    "std_rate": 7.176621277393322,
    "time": 148.59681105613708
  },
  "PSO": {
    "min_rate": 22.92355368819308,
    "sum_rate": 2178.123676324276,
    "mean_rate": 36.30206127207126,
    "std_rate": 6.996670162249454,
    "time": 213.80313968658447
  },
  "NewSSA": {
    "min_rate": 23.218114536943983,
    "sum_rate": 2096.577153025018,
    "mean_rate": 35.045852624117316,
    "std_rate": 8.268574994156257,
    "time": 317.97109627723694
  }
}