{
  "initial": {
    "min_rate": 11.835715559741434,
    "sum_rate": 2026.7071741842772,
    "mean_rate": 33.77845290307128,
    "std_rate": 11.995286939667272,
    "time": 0.0
  },
  "VF": {
    "min_rate": 16.591475658682537,
    "sum_rate": 2148.845160762999,
    "mean_rate": 35.81408601271665,
    "std_rate": 11.618475308522278,
    "time": 4.789831161499023
  },
  "GA": {
    "min_rate": 24.195175114215314,
    "sum_rate": 2113.1240448734693,
    "mean_rate": 35.21873408122449,
    "std_rate": 6.808727096896782,
    "time": 145.56175708770752
  },
  "PSO": {
    "min_rate": 21.485964142928353,
    "sum_rate": 2263.164431498666,
    "mean_rate": 37.719407191644436,
    "std_rate": 7.929714427688717,
    "time": 188.53430581092834
  },
  "NewSSA": {
    "min_rate": 19.541871982816282,
    "sum_rate": 2069.031285967623,
    "mean_rate": 34.74888919176499,
    "std_rate": 8.382281416852079,
    "time": 298.9507131576538
  }
}