{
  "initial": {
    "min_rate": 15.365370485622629,
    "sum_rate": 2036.50855303739,
    "mean_rate": 33.94180921728983,
    "std_rate": 9.344601383096048,
    "time": 0.0
  },
  "VF": {
    "min_rate": 23.343054710208563,
    "sum_rate": 2149.932779651865,
    "mean_rate": 35.832212994197754,
    "std_rate": 8.265577253280568,
    "time": 4.93813681602478
  },
  "GA": {
    "min_rate": 23.61700751286,
    "sum_rate": 2138.134502323609,
    "mean_rate": 35.63557503872682,
    "std_rate": 7.0043866587860855,
    "time": 151.78669214248657
  },
  "PSO": {
    "min_rate": 20.886878468535848,
    "sum_rate": 2171.802881744552,
    "mean_rate": 36.196714695742536,
    "std_rate": 7.2317568862044865,
    "time": 194.27825498580933
  },
  "NewSSA": {
    "min_rate": 22.718441640134145,
    "sum_rate": 2006.5222895005793,
    "mean_rate": 33.75334721018992,
    "std_rate": 7.551147740084156,
    "time": 296.20535588264465
  }
}