{
  "9UAV_seed71": {
    "initial": {
      "min_rate": 33.82374248222187,
      "sum_rate": 2647.5162561343677,
      "mean_rate": 44.12527093557279,
      "std_rate": 5.500559686496108,
      "time": 0.0
    },
    "VF": {
      "min_rate": 36.81794921739907,
      "sum_rate": 2602.461621109478,
      "mean_rate": 43.374360351824635,
      "std_rate": 4.154829157529979,
      "time": 4.896491050720215
    },
    "GA": {
      "min_rate": 34.27155427458316,
      "sum_rate": 2681.9772367506453,
      "mean_rate": 44.699620612510756,
      "std_rate": 4.861219799764022,
      "time": 155.05031394958496
    },
    "PSO": {
      "min_rate": 33.4431497433033,
      "sum_rate": 2686.4879911382554,
      "mean_rate": 44.774799852304255,
      "std_rate": 6.053727509711458,
      "time": 211.1231768131256
    },
    "NewSSA": {
      "min_rate": 31.48538632219688,
      "sum_rate": 2470.018235051953,
      "mean_rate": 40.89101337172722,
      "std_rate": 6.0439012363789475,
      "time": 329.93104696273804
    }
  },
  "9UAV_seed75": {
    "initial": {
      "min_rate": 31.117623826813162,
      "sum_rate": 2524.8565627573735,
      "mean_rate": 42.08094271262289,
      "std_rate": 6.191790618272053,
      "time": 0.0
    },
    "VF": {
      "min_rate": 37.56420406893126,
      "sum_rate": 2594.1484595095144,
      "mean_rate": 43.23580765849191,
      "std_rate": 4.435962268853706,
      "time": 5.570501089096069
    },
    "GA": {
      "min_rate": 32.063017016236415,
      "sum_rate": 2591.4744147378306,
      "mean_rate": 43.19124024563051,
      "std_rate": 5.274715207250774,
      "time": 170.38749814033508
    },
    "PSO": {
      "min_rate": 34.981256787675555,
      "sum_rate": 2589.3418592791304,
      "mean_rate": 43.15569765465217,
      "std_rate": 4.98510956423575,
      "time": 224.64347290992737
    },
    "NewSSA": {
      "min_rate": 31.370103191083945,
      "sum_rate": 2527.589126259345,
      "mean_rate": 42.35959216919111,
      "std_rate": 7.894212283414258,
      "time": 339.7682960033417
    }
  },
  "9UAV_seed76": {
    "initial": {
      "min_rate": 29.211644617764932,
      "sum_rate": 2610.79382828906,
      "mean_rate": 43.513230471484334,
      "std_rate": 7.1612964239934005,
      "time": 0.0
    },
    "VF": {
      "min_rate": 35.59088743244374,
      "sum_rate": 2631.1637375297855,
      "mean_rate": 43.85272895882976,
      "std_rate": 5.06133441736676,
      "time": 6.022792816162109
    },
    "GA": {
      "min_rate": 33.05616346269101,
      "sum_rate": 2631.965832868129,
      "mean_rate": 43.866097214468816,
      "std_rate": 4.720601715819967,
      "time": 169.61830282211304
    },
    "PSO": {
      "min_rate": 32.7707845153593,
      "sum_rate": 2777.2582837391883,
      "mean_rate": 46.28763806231981,
      "std_rate": 7.003008080951382,
      "time": 219.9748659133911
    },
    "NewSSA": {
      "min_rate": 31.88459058208877,
      "sum_rate": 2546.3767896831355,
      "mean_rate": 42.56095385421987,
      "std_rate": 5.5524464743604565,
      "time": 392.75457215309143
    }
  },
  "12UAV_seed71": {
    "initial": {
      "min_rate": 37.515539397232985,
      "sum_rate": 3026.315553895533,
      "mean_rate": 50.43859256492555,
      "std_rate": 6.015643529015753,
      "time": 0.0
    },
    "VF": {
      "min_rate": 41.123612029576165,
      "sum_rate": 2935.171282380299,
      "mean_rate": 48.91952137300498,
      "std_rate": 5.250934554016554,
      "time": 8.346570253372192
    },
    "GA": {
      "min_rate": 37.510204698397544,
      "sum_rate": 2972.575401630657,
      "mean_rate": 49.54292336051095,
      "std_rate": 4.367739406178628,
      "time": 250.99834513664246
    },
    "PSO": {
      "min_rate": 37.007825212715,
      "sum_rate": 3104.979924011078,
      "mean_rate": 51.74966540018463,
      "std_rate": 6.456248836120307,
      "time": 335.30820989608765
    },
    "NewSSA": {
      "min_rate": 41.5006975091125,
      "sum_rate": 2968.774384691145,
      "mean_rate": 49.77775834111351,
      "std_rate": 5.284904981728073,
      "time": 530.2056777477264
    }
  },
  "12UAV_seed75": {
    "initial": {
      "min_rate": 33.04838006446573,
      "sum_rate": 2899.950991638858,
      "mean_rate": 48.3325165273143,
      "std_rate": 6.37777033200584,
      "time": 0.0
    },
    "VF": {
      "min_rate": 41.993405977204496,
      "sum_rate": 2931.2626271142894,
      "mean_rate": 48.85437711857149,
      "std_rate": 4.082077212712001,
      "time": 9.6598801612854
    },
    "GA": {
      "min_rate": 41.58612765511338,
      "sum_rate": 2854.8546007930954,
      "mean_rate": 47.58091001321826,
      "std_rate": 4.251566449269042,
      "time": 263.41718196868896
    },
    "PSO": {
      "min_rate": 37.668036638949125,
      "sum_rate": 3022.3645238098543,
      "mean_rate": 50.37274206349757,
      "std_rate": 6.305936371163207,
      "time": 397.66267919540405
    },
    "NewSSA": {
      "min_rate": 36.997468595969224,
      "sum_rate": 2876.2984466312414,
      "mean_rate": 47.562942247623475,
      "std_rate": 5.546269631096065,
      "time": 616.6094841957092
    }
  },
  "12UAV_seed76": {
    "initial": {
      "min_rate": 30.88337552885958,
      "sum_rate": 2997.18874514877,
      "mean_rate": 49.9531457524795,
      "std_rate": 7.099838747759686,
      "time": 0.0
    },
    "VF": {
      "min_rate": 41.70833662714109,
      "sum_rate": 2898.100518560631,
      "mean_rate": 48.30167530934385,
      "std_rate": 4.334488336643412,
      "time": 9.455466270446777
    },
    "GA": {
      "min_rate": 40.75828079575913,
      "sum_rate": 2926.5362765706886,
      "mean_rate": 48.775604609511475,
      "std_rate": 4.011331478236163,
      "time": 260.8480792045593
    },
    "PSO": {
      "min_rate": 41.30185187804236,
      "sum_rate": 3130.5690767857723,
      "mean_rate": 52.17615127976287,
      "std_rate": 6.303544436288362,
      "time": 337.15212297439575
    },
    "NewSSA": {
      "min_rate": 40.165269922140865,
      "sum_rate": 2896.8036670605343,
      "mean_rate": 48.54502257113354,
      "std_rate": 5.958734230158949,
      "time": 483.70133209228516
    }
  }
}