{
  "initial": {
    "min_rate": 31.117623826813162,
    "sum_rate": 2524.8565627573735,
    "mean_rate": 42.08094271262289,
    "std_rate": 6.191790618272053,
    "time": 0.0
  },
  "VF": {
    "min_rate": 37.56420406893126,
    "sum_rate": 2594.1484595095144,
    "mean_rate": 43.23580765849191,
    "std_rate": 4.435962268853706,
    "time": 5.570501089096069
  },
  "GA": {
    "min_rate": 32.063017016236415,
    "sum_rate": 2591.4744147378306,
    "mean_rate": 43.19124024563051,
    "std_rate": 5.274715207250774,
    "time": 170.38749814033508
  },
  "PSO": {
    "min_rate": 34.981256787675555,
    "sum_rate": 2589.3418592791304,
    "mean_rate": 43.15569765465217,
    "std_rate": 4.98510956423575,
    "time": 224.64347290992737
  },
  "NewSSA": {
    "min_rate": 31.370103191083945,
    "sum_rate": 2527.589126259345,
    "mean_rate": 42.35959216919111,
    "std_rate": 7.894212283414258,
    "time": 339.7682960033417
  }
}