{
  "initial": {
    "min_rate": 29.211644617764932,
    "sum_rate": 2610.79382828906,
    "mean_rate": 43.513230471484334,
    "std_rate": 7.1612964239934005,
    "time": 0.0
  },
  "VF": {
    "min_rate": 35.59088743244374,
    "sum_rate": 2631.1637375297855,
    "mean_rate": 43.85272895882976,
    "std_rate": 5.06133441736676,
    "time": 6.022792816162109
  },
  "GA": {
    "min_rate": 33.05616346269101,
    "sum_rate": 2631.965832868129,
    "mean_rate": 43.866097214468816,
    "std_rate": 4.720601715819967,
    "time": 169.61830282211304
  },
  "PSO": {
    "min_rate": 32.7707845153593,
    "sum_rate": 2777.2582837391883,
    "mean_rate": 46.28763806231981,
    "std_rate": 7.003008080951382,
    "time": 219.9748659133911
  },
  "NewSSA": {
    "min_rate": 31.88459058208877,
    "sum_rate": 2546.3767896831355,
    "mean_rate": 42.56095385421987,
    "std_rate": 5.5524464743604565,
    "time": 392.75457215309143
  }
}