{
  "initial": {
    "min_rate": 33.82374248222187,
    "sum_rate": 2647.5162561343677,
    "mean_rate": 44.12527093557279,
    "std_rate": 5.500559686496108,
    "time": 0.0
  },
  "VF": {
    "min_rate": 36.81794921739907,
    "sum_rate": 2602.461621109478,
    "mean_rate": 43.374360351824635,
    "std_rate": 4.154829157529979,
    "time": 4.896491050720215
  },
  "GA": {
    "min_rate": 34.27155427458316,
    "sum_rate": 2681.9772367506453,
    "mean_rate": 44.699620612510756,
    "std_rate": 4.861219799764022,
    "time": 155.05031394958496
  },
  "PSO": {
    "min_rate": 33.4431497433033,
    "sum_rate": 2686.4879911382554,
    "mean_rate": 44.774799852304255,
    "std_rate": 6.053727509711458,
    "time": 211.1231768131256
  },
  "NewSSA": {
    "min_rate": 31.48538632219688,
    "sum_rate": 2470.018235051953,
    "mean_rate": 40.89101337172722,
    "std_rate": 6.0439012363789475,
    "time": 329.93104696273804
  }
}