{
  "initial": {
    "min_rate": 33.04838006446573,
    "sum_rate": 2899.950991638858,
    "mean_rate": 48.3325165273143,
    "std_rate": 6.37777033200584,
    "time": 0.0
  },
  "VF": {
    "min_rate": 41.993405977204496,
    "sum_rate": 2931.2626271142894,
    "mean_rate": 48.85437711857149,
    "std_rate": 4.082077212712001,
    "time": 9.6598801612854
  },
  "GA": {
    "min_rate": 41.58612765511338,
    "sum_rate": 2854.8546007930954,
    "mean_rate": 47.58091001321826,
    "std_rate": 4.251566449269042,
    "time": 263.41718196868896
  },
  "PSO": {
    "min_rate": 37.668036638949125,
    "sum_rate": 3022.3645238098543,
    "mean_rate": 50.37274206349757,
    "std_rate": 6.305936371163207,
    "time": 397.66267919540405
  },
  "NewSSA": {
    "min_rate": 36.997468595969224,
    "sum_rate": 2876.2984466312414,
    "mean_rate": 47.562942247623475,
    "std_rate": 5.546269631096065,
    "time": 616.6094841957092
  }
}