{
  "initial": {
    "min_rate": 30.88337552885958,
    "sum_rate": 2997.18874514877,
    "mean_rate": 49.9531457524795,
    "std_rate": 7.099838747759686,
    "time": 0.0
  },
  "VF": {
    "min_rate": 41.70833662714109,
    "sum_rate": 2898.100518560631,
    "mean_rate": 48.30167530934385,
    "std_rate": 4.334488336643412,
    "time": 9.455466270446777
  },
  "GA": {
    "min_rate": 40.75828079575913,
    "sum_rate": 2926.5362765706886,
    "mean_rate": 48.775604609511475,
    "std_rate": 4.011331478236163,
    "time": 260.8480792045593
  },
  "PSO": {
    "min_rate": 41.30185187804236,
    "sum_rate": 3130.5690767857723,
    "mean_rate": 52.17615127976287,
    "std_rate": 6.303544436288362,
    "time": 337.15212297439575
  },
  "NewSSA": {
    "min_rate": 40.165269922140865,
    "sum_rate": 2896.8036670605343,
    "mean_rate": 48.54502257113354,
    "std_rate": 5.958734230158949,
    "time": 483.70133209228516
  }
}