{
  "initial": {
    "min_rate": 37.515539397232985,
    "sum_rate": 3026.315553895533,
    "mean_rate": 50.43859256492555,
    "std_rate": 6.015643529015753,
    "time": 0.0
  },
  "VF": {
    "min_rate": 41.123612029576165,
    "sum_rate": 2935.171282380299,
    "mean_rate": 48.91952137300498,
    "std_rate": 5.250934554016554,
    "time": 8.346570253372192
  },
  "GA": {
    "min_rate": 37.510204698397544,
    "sum_rate": 2972.575401630657,
    "mean_rate": 49.54292336051095,
    "std_rate": 4.367739406178628,
    "time": 250.99834513664246
  },
  "PSO": {
    "min_rate": 37.007825212715,
    "sum_rate": 3104.979924011078,
    "mean_rate": 51.74966540018463,
    "std_rate": 6.456248836120307,
    "time": 335.30820989608765
  },
  "NewSSA": {
    "min_rate": 41.5006975091125,
    "sum_rate": 2968.774384691145,
    "mean_rate": 49.77775834111351,
    "std_rate": 5.284904981728073,
    "time": 530.2056777477264
  }
}