{
  "seed_43": {
    "initial": {
      "min_rate": 27.56086405414605,
      "sum_rate": 2659.6000218420736,
      "mean_rate": 44.32666703070122,
      "std_rate": 6.269675102208088,
      "time": 0.0
    },
    "VF": {
      "min_rate": 37.61621041807505,
      "sum_rate": 2654.8243147029175,
      "mean_rate": 44.24707191171529,
      "std_rate": 5.140631440065104,
      "time": 4.651098012924194
    },
    "GA": {
      "min_rate": 28.666366107492497,
      "sum_rate": 2517.585557766127,
      "mean_rate": 41.95975929610211,
      "std_rate": 6.493923231470286,
      "time": 142.78716373443604
    },
    "PSO": {
      "min_rate": 33.79552972813705,
      "sum_rate": 2592.740618027509,
      "mean_rate": 43.21234363379181,
      "std_rate": 5.448952518823833,
      "time": 181.56346011161804
    },
    "NewSSA": {
      "min_rate": 33.44060946103581,
      "sum_rate": 2528.148279921318,
      "mean_rate": 41.519990881926,
      "std_rate": 5.1899916004095825,
      "time": 276.100084066391
    }
  }
}