{
  "seed_43": {
    "initial": {
      "min_rate": 27.56086405414605,
      "sum_rate": 2659.6000218420736,
      "mean_rate": 44.32666703070122,
      "std_rate": 6.269675102208088,
      "time": 0.0
    },
    "VF": {
      "min_rate": 37.61621041807505,
      "sum_rate": 2654.8243147029175,
      "mean_rate": 44.24707191171529,
      "std_rate": 5.140631440065104,
      "time": 4.651098012924194
    },
    "GA": {
      "min_rate": 28.666366107492497,
      "sum_rate": 2517.585557766127,
      "mean_rate": 41.95975929610211,
      "std_rate": 6.493923231470286,
      "time": 142.78716373443604
    },
    "PSO": {
      "min_rate": 33.79552972813705,
      "sum_rate": 2592.740618027509,
      "mean_rate": 43.21234363379181,
      "std_rate": 5.448952518823833,
      "time": 181.56346011161804
    },
    "NewSSA": {
      "min_rate": 33.44060946103581,
      "sum_rate": 2528.148279921318,
      "mean_rate": 41.519990881926,
      "std_rate": 5.1899916004095825,
      "time": 276.100084066391
    }
  },
  "seed_45": {
    "initial": {
      "min_rate": 28.957860773914177,
      "sum_rate": 2508.9204293721646,
      "mean_rate": 41.81534048953608,
      "std_rate": 7.107014753004498,
      "time": 0.0
    },
    "VF": {
      "min_rate": 36.81958102959461,
      "sum_rate": 2566.8689089553836,
      "mean_rate": 42.78114848258973,
      "std_rate": 5.340551991243632,
      "time": 4.628374099731445
    },
    "GA": {
      "min_rate": 29.478346220959143,
      "sum_rate": 2574.2022003308084,
      "mean_rate": 42.90337000551347,
      "std_rate": 6.0154643733376405,
      "time": 140.971333026886
    },
    "PSO": {
      "min_rate": 32.65153545569302,
      "sum_rate": 2667.4095023417403,
      "mean_rate": 44.456825039029006,
      "std_rate": 4.520151387773333,
      "time": 2010.8423478603363
    },
    "NewSSA": {
      "min_rate": 32.0632813326069,
      "sum_rate": 2515.485743100481,
      "mean_rate": 41.64409262129472,
      "std_rate": 6.457612506227665,
      "time": 344.4163796901703
    }
  },
  "seed_46": {
    "initial": {
      "min_rate": 27.550786571377397,
      "sum_rate": 2529.00181751096,
      "mean_rate": 42.15003029184933,
      "std_rate": 6.745746497591369,
      "time": 0.0
    },
    "VF": {
      "min_rate": 32.29105690913329,
      "sum_rate": 2522.2136821968384,
      "mean_rate": 42.03689470328064,
      "std_rate": 4.816354837821379,
      "time": 6.428659915924072
    },
    "GA": {
      "min_rate": 31.68041792313012,
      "sum_rate": 2579.238011128186,
      "mean_rate": 42.98730018546976,
      "std_rate": 5.785995666471515,
      "time": 175.49383306503296
    },
    "PSO": {
      "min_rate": 31.417559453524834,
      "sum_rate": 2644.2917518769873,
      "mean_rate": 44.071529197949786,
      "std_rate": 6.394204637509855,
      "time": 222.6427128314972
    },
    "NewSSA": {
      "min_rate": 33.923153044956365,
      "sum_rate": 2583.662013517417,
      "mean_rate": 43.41734044926518,
      "std_rate": 5.0793469845582555,
      "time": 344.9829246997833
    }
  }
}