{
  "seed_43": {
    "initial": {
      "min_rate": 27.56086405414605,
      "sum_rate": 2659.6000218420736,
      "mean_rate": 44.32666703070122,
      "std_rate": 6.269675102208088,
      "time": 0.0
    },
    "VF": {
      "min_rate": 37.61621041807505,
      "sum_rate": 2654.8243147029175,
      "mean_rate": 44.24707191171529,
      "std_rate": 5.140631440065104,
      "time": 4.651098012924194
    },
    "GA": {
      "min_rate": 28.666366107492497,
      "sum_rate": 2517.585557766127,
      "mean_rate": 41.95975929610211,
      "std_rate": 6.493923231470286,
      "time": 142.78716373443604
    },
    "PSO": {
      "min_rate": 33.79552972813705,
      "sum_rate": 2592.740618027509,
      "mean_rate": 43.21234363379181,
      "std_rate": 5.448952518823833,
      "time": 181.56346011161804
    },
    "NewSSA": {
      "min_rate": 33.44060946103581,
      "sum_rate": 2528.148279921318,
      "mean_rate": 41.519990881926,
      "std_rate": 5.1899916004095825,
      "time": 276.100084066391
    }
  },
  "seed_45": {
    "initial": {
      "min_rate": 28.957860773914177,
      "sum_rate": 2508.9204293721646,
      "mean_rate": 41.81534048953608,
      "std_rate": 7.107014753004498,
      "time": 0.0
    },
    "VF": {
      "min_rate": 36.81958102959461,
      "sum_rate": 2566.8689089553836,
      "mean_rate": 42.78114848258973,
      "std_rate": 5.340551991243632,
      "time": 4.628374099731445
    },
    "GA": {
      "min_rate": 29.478346220959143,
      "sum_rate": 2574.2022003308084,
      "mean_rate": 42.90337000551347,
      "std_rate": 6.0154643733376405,
      "time": 140.971333026886
    },
    "PSO": {
      "min_rate": 32.65153545569302,
      "sum_rate": 2667.4095023417403,
      "mean_rate": 44.456825039029006,
      "std_rate": 4.520151387773333,
      "time": 2010.8423478603363
    },
    "NewSSA": {
      "min_rate": 32.0632813326069,
      "sum_rate": 2515.485743100481,
      "mean_rate": 41.64409262129472,
      "std_rate": 6.457612506227665,
      "time": 344.4163796901703
    }
  },
  "seed_46": {
    "initial": {
      "min_rate": 27.550786571377397,
      "sum_rate": 2529.00181751096,
      "mean_rate": 42.15003029184933,
      "std_rate": 6.745746497591369,
      "time": 0.0
    },
    "VF": {
      "min_rate": 32.29105690913329,
      "sum_rate": 2522.2136821968384,
      "mean_rate": 42.03689470328064,
      "std_rate": 4.816354837821379,
      "time": 6.428659915924072
    },
    "GA": {
      "min_rate": 31.68041792313012,
      "sum_rate": 2579.238011128186,
      "mean_rate": 42.98730018546976,
      "std_rate": 5.785995666471515,
      "time": 175.49383306503296
    },
    "PSO": {
      "min_rate": 31.417559453524834,
      "sum_rate": 2644.2917518769873,
      "mean_rate": 44.071529197949786,
      "std_rate": 6.394204637509855,
      "time": 222.6427128314972
    },
    "NewSSA": {
      "min_rate": 33.923153044956365,
      "sum_rate": 2583.662013517417,
      "mean_rate": 43.41734044926518,
      "std_rate": 5.0793469845582555,
      "time": 344.9829246997833
    }
  },
  "seed_47": {
    "initial": {
      "min_rate": 32.56362479484698,
      "sum_rate": 2597.798412099394,
      "mean_rate": 43.29664020165657,
      "std_rate": 5.226514316546684,
      "time": 0.0
    },
    "VF": {
      "min_rate": 35.69238066002472,
      "sum_rate": 2638.5920657943666,
      "mean_rate": 43.97653442990611,
      "std_rate": 4.692140837721709,
      "time": 5.736713886260986
    },
    "GA": {
      "min_rate": 31.004456637304532,
      "sum_rate": 2571.0446339498158,
      "mean_rate": 42.8507438991636,
      "std_rate": 7.082289948496693,
      "time": 187.7438178062439
    },
    "PSO": {
      "min_rate": 36.57110068915093,
      "sum_rate": 2665.0161200159787,
      "mean_rate": 44.416935333599646,
      "std_rate": 5.161279696686221,
      "time": 1178.5708167552948
    },
    "NewSSA": {
      "min_rate": 30.405114729987037,
      "sum_rate": 2622.4003140390587,
      "mean_rate": 43.24992763074491,
      "std_rate": 10.25515257723951,
      "time": 5015.114487886429
    }
  },
  "seed_48": {
    "initial": {
      "min_rate": 25.864567084352856,
      "sum_rate": 2495.632183251642,
      "mean_rate": 41.593869720860695,
      "std_rate": 6.732492607774096,
      "time": 0.0
    },
    "VF": {
      "min_rate": 35.16851082197336,
      "sum_rate": 2553.5535866627038,
      "mean_rate": 42.559226444378396,
      "std_rate": 5.789465920758067,
      "time": 4.632429122924805
    },
    "GA": {
      "min_rate": 29.66640177876788,
      "sum_rate": 2589.571795236614,
      "mean_rate": 43.15952992061023,
      "std_rate": 6.599038816858444,
      "time": 143.5410339832306
    },
    "PSO": {
      "min_rate": 31.048311147170743,
      "sum_rate": 2607.102548115926,
      "mean_rate": 43.45170913526543,
      "std_rate": 7.968005590160019,
      "time": 183.16689896583557
    },
    "NewSSA": {
      "min_rate": 30.2998662490662,
      "sum_rate": 2455.136608019317,
      "mean_rate": 41.050009519473676,
      "std_rate": 8.53367075378195,
      "time": 281.50147795677185
    }
  },
  "seed_49": {
    "initial": {
      "min_rate": 28.457922341827498,
      "sum_rate": 2540.7816894462376,
      "mean_rate": 42.346361490770626,
      "std_rate": 7.459816549551955,
      "time": 0.0
    },
    "VF": {
      "min_rate": 35.41156744916351,
      "sum_rate": 2570.541158355552,
      "mean_rate": 42.8423526392592,
      "std_rate": 4.4407851443408894,
      "time": 4.773521900177002
    },
    "GA": {
      "min_rate": 32.71139005970065,
      "sum_rate": 2543.3262905907673,
      "mean_rate": 42.38877150984612,
      "std_rate": 5.720604910458949,
      "time": 144.69597482681274
    },
    "PSO": {
      "min_rate": 30.41150925929071,
      "sum_rate": 2555.150479981745,
      "mean_rate": 42.58584133302908,
      "std_rate": 6.04822854322771,
      "time": 183.66550993919373
    },
    "NewSSA": {
      "min_rate": 27.053789991830026,
      "sum_rate": 2438.7974260118244,
      "mean_rate": 40.58825964264167,
      "std_rate": 9.455643697174285,
      "time": 321.0683150291443
    }
  }
}