{
  "initial": {
    "min_rate": 12.778532978784193,
    "sum_rate": 2071.8903970639944,
    "mean_rate": 34.53150661773324,
    "std_rate": 11.268823253184815,
    "time": 0.0
  },
  "VF": {
    "min_rate": 18.871340466787736,
    "sum_rate": 2198.946226468141,
    "mean_rate": 36.64910377446902,
    "std_rate": 10.389379858543897,
    "time": 5.612818241119385
  },
  "GA": {
    "min_rate": 23.915359829492527,
    "sum_rate": 2253.095167061066,
    "mean_rate": 37.55158611768444,
    "std_rate": 6.697718879494708,
    "time": 151.8719871044159
  },
  "PSO": {
    "min_rate": 22.986057826474546,
    "sum_rate": 2306.6219917735657,
    "mean_rate": 38.443699862892764,
    "std_rate": 7.584303827812959,
    "time": 160.80371189117432
  },
  "NewSSA": {
    "min_rate": 22.948943213797325,
    "sum_rate": 2215.4200115749422,
    "mean_rate": 36.83333219432352,
    "std_rate": 8.128252604492689,
    "time": 3150.9632019996643
  }
}