{
  "initial": {
    "min_rate": 13.929656807261305,
    "sum_rate": 2171.0796535362483,
    "mean_rate": 36.184660892270806,
    "std_rate": 10.228160047708775,
    "time": 0.0
  },
  "VF": {
    "min_rate": 21.240025252886685,
    "sum_rate": 2220.0732722869393,
    "mean_rate": 37.00122120478232,
    "std_rate": 9.270710019980593,
    "time": 7.78095817565918
  },
  "GA": {
    "min_rate": 23.441685153690283,
    "sum_rate": 2191.197872238294,
    "mean_rate": 36.5199645373049,
    "std_rate": 6.326969119461968,
    "time": 235.40507578849792
  },
  "PSO": {
    "min_rate": 16.339004562823202,
    "sum_rate": 2302.660670031232,
    "mean_rate": 38.377677833853866,
    "std_rate": 9.145825776976062,
    "time": 278.87345600128174
  },
  "NewSSA": {
    "min_rate": 23.17185453370645,
    "sum_rate": 2197.67316937102,
    "mean_rate": 36.41649527329178,
    "std_rate": 8.512458508207798,
    "time": 366.990051984787
  }
}