{
  "71": {
    "initial": {
      "min_rate": 13.929656807261305,
      "sum_rate": 2171.0796535362483,
      "mean_rate": 36.184660892270806,
      "std_rate": 10.228160047708775,
      "time": 0.0
    },
    "VF": {
      "min_rate": 21.240025252886685,
      "sum_rate": 2220.0732722869393,
      "mean_rate": 37.00122120478232,
      "std_rate": 9.270710019980593,
      "time": 7.78095817565918
    },
    "GA": {
      "min_rate": 23.441685153690283,
      "sum_rate": 2191.197872238294,
      "mean_rate": 36.5199645373049,
      "std_rate": 6.326969119461968,
      "time": 235.40507578849792
    },
    "PSO": {
      "min_rate": 16.339004562823202,
      "sum_rate": 2302.660670031232,
      "mean_rate": 38.377677833853866,
      "std_rate": 9.145825776976062,
      "time": 278.87345600128174
    },
    "NewSSA": {
      "min_rate": 23.17185453370645,
      "sum_rate": 2197.67316937102,
      "mean_rate": 36.41649527329178,
      "std_rate": 8.512458508207798,
      "time": 366.990051984787
    }
  },
  "75": {
    "initial": {
      "min_rate": 13.108820422615103,
      "sum_rate": 1967.8000739954148,
      "mean_rate": 32.79666789992358,
      "std_rate": 11.13473756280588,
      "time": 0.0
    },
    "VF": {
      "min_rate": 25.5565318863305,
      "sum_rate": 2132.897901986012,
      "mean_rate": 35.548298366433535,
      "std_rate": 6.896472516002493,
      "time": 5.3355278968811035
    },
    "GA": {
      "min_rate": 22.938525505361994,
      "sum_rate": 2066.3077819122886,
      "mean_rate": 34.43846303187148,
      "std_rate": 7.508083231786435,
      "time": 166.34833002090454
    },
    "PSO": {
      "min_rate": 20.819206406372395,
      "sum_rate": 2093.1805503008964,
      "mean_rate": 34.88634250501494,
      "std_rate": 8.899123088347421,
      "time": 213.94680380821228
    },
    "NewSSA": {
      "min_rate": 22.053212944741073,
      "sum_rate": 2015.1318631953359,
      "mean_rate": 34.04512077694222,
      "std_rate": 7.753150673429753,
      "time": 346.7230978012085
    }
  },
  "76": {
    "initial": {
      "min_rate": 12.778532978784193,
      "sum_rate": 2071.8903970639944,
      "mean_rate": 34.53150661773324,
      "std_rate": 11.268823253184815,
      "time": 0.0
    },
    "VF": {
      "min_rate": 18.871340466787736,
      "sum_rate": 2198.946226468141,
      "mean_rate": 36.64910377446902,
      "std_rate": 10.389379858543897,
      "time": 5.612818241119385
    },
    "GA": {
      "min_rate": 23.915359829492527,
      "sum_rate": 2253.095167061066,
      "mean_rate": 37.55158611768444,
      "std_rate": 6.697718879494708,
      "time": 151.8719871044159
    },
    "PSO": {
      "min_rate": 22.986057826474546,
      "sum_rate": 2306.6219917735657,
      "mean_rate": 38.443699862892764,
      "std_rate": 7.584303827812959,
      "time": 160.80371189117432
    },
    "NewSSA": {
      "min_rate": 22.948943213797325,
      "sum_rate": 2215.4200115749422,
      "mean_rate": 36.83333219432352,
      "std_rate": 8.128252604492689,
      "time": 3150.9632019996643
    }
  }
}