{
  "initial": {
    "min_rate": 34.93521114203245,
    "sum_rate": 2958.9456678842694,
    "mean_rate": 49.31576113140449,
    "std_rate": 7.523690753175466,
    "time": 0.0
  },
  "VF": {
    "min_rate": 42.28321956454437,
    "sum_rate": 3060.2192898843823,
    "mean_rate": 51.00365483140637,
    "std_rate": 4.4213654842457615,
    "time": 8.027973175048828
  },
  "GA": {
    "min_rate": 37.15552368979966,
    "sum_rate": 2969.002571102454,
    "mean_rate": 49.4833761850409,
    "std_rate": 5.154785857595341,
    "time": 336.59402799606323
  },
  "PSO": {
    "min_rate": 39.42071511573582,
    "sum_rate": 2985.1603094343477,
    "mean_rate": 49.75267182390579,
    "std_rate": 5.850412722361177,
    "time": 447.96589708328247
  },
  "NewSSA": {
    "min_rate": 36.27313492466239,
    "sum_rate": 2922.921065938293,
    "mean_rate": 48.53696134281187,
    "std_rate": 8.373203701144378,
    "time": 443.16156911849976
  }
}