{
  "initial": {
    "min_rate": 17.61426825531252,
    "sum_rate": 2052.303614587699,
    "mean_rate": 34.205060243128315,
    "std_rate": 9.364658628058214,
    "time": 0.0
  },
  "VF": {
    "min_rate": 25.72510023605909,
    "sum_rate": 2003.1370099172102,
    "mean_rate": 33.385616831953506,
    "std_rate": 5.4793645132954545,
    "time": 6.0621819496154785
  },
  "GA": {
    "min_rate": 22.411446597795404,
    "sum_rate": 2144.6938676023074,
    "mean_rate": 35.74489779337179,
    "std_rate": 5.82665709930067,
    "time": 179.12416887283325
  },
  "PSO": {
    "min_rate": 25.40608438428843,
    "sum_rate": 2179.291027688874,
    "mean_rate": 36.321517128147896,
    "std_rate": 5.958569153001262,
    "time": 212.00042295455933
  },
  "NewSSA": {
    "min_rate": 24.301793256252562,
    "sum_rate": 2109.433668632949,
    "mean_rate": 34.900135562574306,
    "std_rate": 6.581062556073697,
    "time": 320.9564709663391
  }
}