{
  "initial": {
    "min_rate": 35.14149589999665,
    "sum_rate": 3005.820355336056,
    "mean_rate": 50.0970059222676,
    "std_rate": 7.090036930566563,
    "time": 0.0
  },
  "VF": {
    "min_rate": 44.12206685120107,
    "sum_rate": 3153.019125484361,
    "mean_rate": 52.550318758072684,
    "std_rate": 4.890567094634453,
    "time": 5.503904104232788
  },
  "GA": {
    "min_rate": 35.773644170905776,
    "sum_rate": 2914.295997766848,
    "mean_rate": 48.5715999627808,
    "std_rate": 5.181583843594445,
    "time": 168.34674191474915
  },
  "PSO": {
    "min_rate": 40.826417717373964,
    "sum_rate": 3072.2956563135713,
    "mean_rate": 51.20492760522619,
    "std_rate": 6.133933147116952,
    "time": 217.60320496559143
  },
  "NewSSA": {
    "min_rate": 40.07819162946484,
    "sum_rate": 2917.2912197389614,
    "mean_rate": 48.80880417591243,
    "std_rate": 5.717579163246067,
    "time": 328.38586711883545
  }
}