{
  "initial": {
    "min_rate": 17.62122101215142,
    "sum_rate": 2041.4991612794477,
    "mean_rate": 34.024986021324125,
    "std_rate": 9.533595790545508,
    "time": 0.0
  },
  "VF": {
    "min_rate": 29.123568077347272,
    "sum_rate": 2136.2836757311957,
    "mean_rate": 35.60472792885326,
    "std_rate": 4.714544726342001,
    "time": 3.583937168121338
  },
  "GA": {
    "min_rate": 26.53607794891487,
    "sum_rate": 2103.2178124745747,
    "mean_rate": 35.05363020790958,
    "std_rate": 6.151074459812913,
    "time": 109.29291605949402
  },
  "PSO": {
    "min_rate": 26.84440503136839,
    "sum_rate": 2112.676964416293,
    "mean_rate": 35.21128274027155,
    "std_rate": 5.498450903318918,
    "time": 140.3062868118286
  },
  "NewSSA": {
    "min_rate": 24.6448386518186,
    "sum_rate": 2047.381331425549,
    "mean_rate": 34.03292215710668,
    "std_rate": 5.97148079509489,
    "time": 213.38765382766724
  }
}