{
  "initial": {
    "min_rate": 19.99801252926318,
    "sum_rate": 2263.563513292597,
    "mean_rate": 37.726058554876616,
    "std_rate": 8.860579897183186,
    "time": 0.0
  },
  "VF": {
    "min_rate": 26.348912438620314,
    "sum_rate": 2200.146880966149,
    "mean_rate": 36.669114682769155,
    "std_rate": 6.485470429647867,
    "time": 3.5466833114624023
  },
  "GA": {
    "min_rate": 25.086957362009343,
    "sum_rate": 2270.763034217061,
    "mean_rate": 37.84605057028435,
    "std_rate": 7.708754822277061,
    "time": 109.03693914413452
  },
  "PSO": {
    "min_rate": 25.09630293354118,
    "sum_rate": 2288.151174644145,
    "mean_rate": 38.13585291073575,
    "std_rate": 7.216068704253798,
    "time": 139.14497303962708
  },
  "NewSSA": {
    "min_rate": 24.756509895589506,
    "sum_rate": 2106.5422360388,
    "mean_rate": 35.27838074233009,
    "std_rate": 5.543166949722602,
    "time": 213.71855306625366
  }
}