{
  "initial": {
    "min_rate": 30.257343100011102,
    "sum_rate": 2949.141582601598,
    "mean_rate": 49.15235971002664,
    "std_rate": 8.248385851966658,
    "time": 0.0
  },
  "VF": {
    "min_rate": 42.49530710779739,
    "sum_rate": 3063.119517873232,
    "mean_rate": 51.051991964553864,
    "std_rate": 4.797922988917062,
    "time": 5.585541248321533
  },
  "GA": {
    "min_rate": 37.03062475179354,
    "sum_rate": 2948.373062891218,
    "mean_rate": 49.139551048186966,
    "std_rate": 6.939619920489617,
    "time": 169.13657999038696
  },
  "PSO": {
    "min_rate": 40.165387478931144,
    "sum_rate": 3032.0063336586363,
    "mean_rate": 50.533438894310606,
    "std_rate": 5.961960571481057,
    "time": 215.54643607139587
  },
  "NewSSA": {
    "min_rate": 38.246882472807854,
    "sum_rate": 2952.9526504308556,
    "mean_rate": 49.25665589605574,
    "std_rate": 6.37958485636503,
    "time": 327.58083391189575
  }
}