{
  "initial": {
    "min_rate": 19.032590374653047,
    "sum_rate": 2182.2567881508417,
    "mean_rate": 36.370946469180694,
    "std_rate": 9.06882833460852,
    "time": 0.0
  },
  "VF": {
    "min_rate": 27.26067969133067,
    "sum_rate": 2202.537345183045,
    "mean_rate": 36.70895575305075,
    "std_rate": 6.325975662028024,
    "time": 3.70139217376709
  },
  "GA": {
    "min_rate": 22.82971068389695,
    "sum_rate": 2162.9237057960395,
    "mean_rate": 36.048728429933995,
    "std_rate": 7.1399348421787625,
    "time": 109.57091116905212
  },
  "PSO": {
    "min_rate": 25.489277065160863,
    "sum_rate": 2171.6707988159715,
    "mean_rate": 36.19451331359952,
    "std_rate": 6.777833769338133,
    "time": 141.21454787254333
  },
  "NewSSA": {
    "min_rate": 22.005955804082884,
    "sum_rate": 1989.5167046137842,
    "mean_rate": 32.78500651683976,
    "std_rate": 6.776029588632961,
    "time": 215.38399505615234
  }
}