{
  "initial": {
    "min_rate": 18.376787216630287,
    "sum_rate": 2045.2471569764098,
    "mean_rate": 34.087452616273495,
    "std_rate": 10.211663833489435,
    "time": 0.0
  },
  "VF": {
    "min_rate": 24.948786384843395,
    "sum_rate": 2172.233584779079,
    "mean_rate": 36.203893079651316,
    "std_rate": 6.443500387866842,
    "time": 6.176866054534912
  },
  "GA": {
    "min_rate": 21.920338570701862,
    "sum_rate": 2140.4744982347665,
    "mean_rate": 35.67457497057944,
    "std_rate": 9.193135654229561,
    "time": 178.33857893943787
  },
  "PSO": {
    "min_rate": 22.3380223459716,
    "sum_rate": 2180.1208979225785,
    "mean_rate": 36.33534829870964,
    "std_rate": 8.26194676060554,
    "time": 212.24049615859985
  },
  "NewSSA": {
    "min_rate": 22.605140393880234,
    "sum_rate": 2017.7310870242195,
    "mean_rate": 34.273684401461615,
    "std_rate": 9.451097381054195,
    "time": 321.97384095191956
  }
}