{
  "initial": {
    "min_rate": 33.64586793354247,
    "sum_rate": 2934.420457810187,
    "mean_rate": 48.90700763016979,
    "std_rate": 8.087248410847456,
    "time": 0.0
  },
  "VF": {
    "min_rate": 39.76856938836671,
    "sum_rate": 2896.2179081424315,
    "mean_rate": 48.270298469040526,
    "std_rate": 6.67293824070515,
    "time": 8.55367112159729
  },
  "GA": {
    "min_rate": 33.86145853361052,
    "sum_rate": 2917.2006295015335,
    "mean_rate": 48.62001049169223,
    "std_rate": 8.177789987752623,
    "time": 260.60089898109436
  },
  "PSO": {
    "min_rate": 37.760921232486645,
    "sum_rate": 2921.110256712151,
    "mean_rate": 48.68517094520252,
    "std_rate": 7.565946851036716,
    "time": 276.0068871974945
  },
  "NewSSA": {
    "min_rate": 34.231800975612266,
    "sum_rate": 2831.6508889602314,
    "mean_rate": 47.10916536342345,
    "std_rate": 9.837506066892578,
    "time": 427.1410298347473
  }
}