{
  "initial": {
    "min_rate": 15.716533117777864,
    "sum_rate": 2215.1093043205315,
    "mean_rate": 36.91848840534219,
    "std_rate": 9.557473880039437,
    "time": 0.0
  },
  "VF": {
    "min_rate": 27.612348124796103,
    "sum_rate": 2279.2582307654484,
    "mean_rate": 37.98763717942414,
    "std_rate": 6.567620209226568,
    "time": 5.145570755004883
  },
  "GA": {
    "min_rate": 25.24687709324439,
    "sum_rate": 2202.9244139024518,
    "mean_rate": 36.7154068983742,
    "std_rate": 7.031036683862227,
    "time": 217.1903691291809
  },
  "PSO": {
    "min_rate": 24.806652736073083,
    "sum_rate": 2229.70025870977,
    "mean_rate": 37.16167097849617,
    "std_rate": 6.791528044335714,
    "time": 290.2165069580078
  },
  "NewSSA": {
    "min_rate": 24.41642669631223,
    "sum_rate": 2049.4624793878133,
    "mean_rate": 34.40240698834084,
    "std_rate": 5.526507698418852,
    "time": 428.2865002155304
  }
}