{
  "initial": {
    "min_rate": 28.788634486467675,
    "sum_rate": 2869.228662471671,
    "mean_rate": 47.82047770786119,
    "std_rate": 8.35807889411133,
    "time": 0.0
  },
  "VF": {
    "min_rate": 42.56186676288095,
    "sum_rate": 2999.430903490826,
    "mean_rate": 49.990515058180435,
    "std_rate": 4.873781035748583,
    "time": 8.629379034042358
  },
  "GA": {
    "min_rate": 37.77839662130678,
    "sum_rate": 2918.1149913162863,
    "mean_rate": 48.63524985527144,
    "std_rate": 5.71977388469277,
    "time": 260.6471378803253
  },
  "PSO": {
    "min_rate": 36.003551536206466,
    "sum_rate": 2954.3550279197893,
    "mean_rate": 49.239250465329825,
    "std_rate": 6.281438724851105,
    "time": 276.21700406074524
  },
  "NewSSA": {
    "min_rate": 31.14651566017176,
    "sum_rate": 2776.0347173339587,
    "mean_rate": 46.27820871691348,
    "std_rate": 8.048368566941797,
    "time": 423.9718692302704
  }
}