{
  "initial": {
    "min_rate": 34.755827859243276,
    "sum_rate": 2889.271827152847,
    "mean_rate": 48.15453045254745,
    "std_rate": 7.102370358310341,
    "time": 0.0
  },
  "VF": {
    "min_rate": 41.909484466384136,
    "sum_rate": 2942.0702801520156,
    "mean_rate": 49.03450466920026,
    "std_rate": 3.973043801708026,
    "time": 5.522209167480469
  },
  "GA": {
    "min_rate": 36.32705178000041,
    "sum_rate": 2781.077204018489,
    "mean_rate": 46.35128673364148,
    "std_rate": 6.340948276034441,
    "time": 168.44714307785034
  },
  "PSO": {
    "min_rate": 36.58648947904028,
    "sum_rate": 2943.1713492836784,
    "mean_rate": 49.05285582139464,
    "std_rate": 7.131666715527945,
    "time": 218.8960280418396
  },
  "NewSSA": {
    "min_rate": 32.913954244086845,
    "sum_rate": 2828.8767475531945,
    "mean_rate": 46.99491605232462,
    "std_rate": 8.087199055343987,
    "time": 330.1397178173065
  }
}