{
  "seed_55": {
    "initial": {
      "min_rate": 31.718651693098042,
      "sum_rate": 2558.0660783033886,
      "mean_rate": 42.63443463838981,
      "std_rate": 5.467967757268682,
      "time": 0.0
    },
    "VF": {
      "min_rate": 35.43532801599553,
      "sum_rate": 2665.909242423486,
      "mean_rate": 44.4318207070581,
      "std_rate": 5.073753275218841,
      "time": 4.643441915512085
    },
    "GA": {
      "min_rate": 32.16945299546876,
      "sum_rate": 2599.8859830904953,
      "mean_rate": 43.331433051508256,
      "std_rate": 5.866455055151626,
      "time": 144.63113808631897
    },
    "PSO": {
      "min_rate": 33.921065789875456,
      "sum_rate": 2716.8550036894526,
      "mean_rate": 45.28091672815754,
      "std_rate": 5.494006448759287,
      "time": 185.1649739742279
    },
    "NewSSA": {
      "min_rate": 31.34682309576043,
      "sum_rate": 2571.9022348482213,
      "mean_rate": 42.80424246494003,
      "std_rate": 6.41262426230391,
      "time": 276.0092628002167
    }
  },
  "seed_56": {
    "initial": {
      "min_rate": 28.464915316060335,
      "sum_rate": 2559.2620854099887,
      "mean_rate": 42.65436809016648,
      "std_rate": 6.028321126031551,
      "time": 0.0
    },
    "VF": {
      "min_rate": 36.637778090098536,
      "sum_rate": 2613.3734681920714,
      "mean_rate": 43.55622446986786,
      "std_rate": 4.388023664796618,
      "time": 4.633725881576538
    },
    "GA": {
      "min_rate": 29.991718324887877,
      "sum_rate": 2513.52069168789,
      "mean_rate": 41.892011528131505,
      "std_rate": 6.67310170317548,
      "time": 141.9144892692566
    },
    "PSO": {
      "min_rate": 30.75127659336728,
      "sum_rate": 2574.3782788787903,
      "mean_rate": 42.90630464797984,
      "std_rate": 5.801121184978038,
      "time": 180.61974000930786
    },
    "NewSSA": {
      "min_rate": 30.351634430064113,
      "sum_rate": 2473.809901701954,
      "mean_rate": 41.53882787858241,
      "std_rate": 7.615247025362497,
      "time": 274.77568793296814
    }
  },
  "seed_57": {
    "initial": {
      "min_rate": 30.188149448674956,
      "sum_rate": 2566.4232651566876,
      "mean_rate": 42.77372108594479,
      "std_rate": 6.043108345121496,
      "time": 0.0
    },
    "VF": {
      "min_rate": 34.98186058565416,
      "sum_rate": 2644.0549928655937,
      "mean_rate": 44.06758321442656,
      "std_rate": 6.0024580659470566,
      "time": 4.639437913894653
    },
    "GA": {
      "min_rate": 28.603766441351134,
      "sum_rate": 2534.234694359621,
      "mean_rate": 42.23724490599368,
      "std_rate": 9.71734681927283,
      "time": 141.07759404182434
    },
    "PSO": {
      "min_rate": 31.460016114327203,
      "sum_rate": 2538.414769079904,
      "mean_rate": 42.3069128179984,
      "std_rate": 5.298812401259734,
      "time": 181.26666688919067
    },
    "NewSSA": {
      "min_rate": 27.052988606876323,
      "sum_rate": 2374.2528193784015,
      "mean_rate": 39.88866821352012,
      "std_rate": 8.099669653208021,
      "time": 274.9658648967743
    }
  },
  "seed_58": {
    "initial": {
      "min_rate": 27.06343554349369,
      "sum_rate": 2508.4370928401754,
      "mean_rate": 41.80728488066959,
      "std_rate": 6.11751197999684,
      "time": 0.0
    },
    "VF": {
      "min_rate": 33.48915560795141,
      "sum_rate": 2526.227594598588,
      "mean_rate": 42.1037932433098,
      "std_rate": 6.028860913897334,
      "time": 4.6386659145355225
    },
    "GA": {
      "min_rate": 27.67981190644376,
      "sum_rate": 2495.6950450936793,
      "mean_rate": 41.594917418227986,
      "std_rate": 8.35156285032027,
      "time": 141.0165991783142
    },
    "PSO": {
      "min_rate": 31.29458166769883,
      "sum_rate": 2543.155686776707,
      "mean_rate": 42.385928112945116,
      "std_rate": 6.79098199389187,
      "time": 179.93144297599792
    },
    "NewSSA": {
      "min_rate": 27.862545410370483,
      "sum_rate": 2402.404865730767,
      "mean_rate": 40.24273685187488,
      "std_rate": 8.151621273735916,
      "time": 276.1381320953369
    }
  }
}