{
  "seed_66": {
    "initial": {
      "min_rate": 31.36269470255435,
      "sum_rate": 2638.968408496203,
      "mean_rate": 43.982806808270055,
      "std_rate": 6.642358577351263,
      "time": 0.0
    },
    "VF": {
      "min_rate": 37.526426066221966,
      "sum_rate": 2672.9586951983615,
      "mean_rate": 44.549311586639355,
      "std_rate": 3.915886452381638,
      "time": 4.8483500480651855
    },
    "GA": {
      "min_rate": 31.564134725655947,
      "sum_rate": 2616.1363322812053,
      "mean_rate": 43.602272204686756,
      "std_rate": 6.1489044995172355,
      "time": 144.39676594734192
    },
    "PSO": {
      "min_rate": 35.31726381467228,
      "sum_rate": 2687.0753171952406,
      "mean_rate": 44.784588619920676,
      "std_rate": 5.948307172974702,
      "time": 181.05417919158936
    },
    "NewSSA": {
      "min_rate": 34.05552965015887,
      "sum_rate": 2612.040350876247,
      "mean_rate": 43.490885732571364,
      "std_rate": 6.152507158606301,
      "time": 275.49772691726685
    }
  },
  "seed_67": {
    "initial": {
      "min_rate": 30.096735744525613,
      "sum_rate": 2589.637908214297,
      "mean_rate": 43.16063180357162,
      "std_rate": 5.650166434481171,
      "time": 0.0
    },
    "VF": {
      "min_rate": 36.6255682651354,
      "sum_rate": 2652.701820405126,
      "mean_rate": 44.2116970067521,
      "std_rate": 4.584940114840321,
      "time": 4.640256881713867
    },
    "GA": {
      "min_rate": 28.017562084526993,
      "sum_rate": 2514.5910144063478,
      "mean_rate": 41.9098502401058,
      "std_rate": 5.562289599785426,
      "time": 140.8569118976593
    },
    "PSO": {
      "min_rate": 34.21054427631445,
      "sum_rate": 2660.121873041601,
      "mean_rate": 44.33536455069335,
      "std_rate": 4.775772210484299,
      "time": 181.14033603668213
    },
    "NewSSA": {
      "min_rate": 28.63889631530948,
      "sum_rate": 2409.699893687604,
      "mean_rate": 40.605873075984654,
      "std_rate": 7.170026077256281,
      "time": 275.7738690376282
    }
  },
  "seed_68": {
    "initial": {
      "min_rate": 29.724522562712732,
      "sum_rate": 2608.9661354128657,
      "mean_rate": 43.48276892354776,
      "std_rate": 6.697227303284383,
      "time": 0.0
    },
    "VF": {
      "min_rate": 34.31287880590807,
      "sum_rate": 2636.158018742651,
      "mean_rate": 43.93596697904419,
      "std_rate": 5.39588512018743,
      "time": 4.635057210922241
    },
    "GA": {
      "min_rate": 26.583659212859953,
      "sum_rate": 2605.8993398756857,
      "mean_rate": 43.431655664594764,
      "std_rate": 9.268921681416263,
      "time": 140.783677816391
    },
    "PSO": {
      "min_rate": 28.72086078465647,
      "sum_rate": 2575.2442601299977,
      "mean_rate": 42.9207376688333,
      "std_rate": 6.432635078536856,
      "time": 181.2258312702179
    },
    "NewSSA": {
      "min_rate": 26.39336241614231,
      "sum_rate": 2392.469428020955,
      "mean_rate": 40.049704240405006,
      "std_rate": 8.116794865184259,
      "time": 276.04591608047485
    }
  },
  "seed_69": {
    "initial": {
      "min_rate": 29.91757612172928,
      "sum_rate": 2569.6394387170876,
      "mean_rate": 42.827323978618125,
      "std_rate": 5.353421794454619,
      "time": 0.0
    },
    "VF": {
      "min_rate": 37.15217892682073,
      "sum_rate": 2649.54378436078,
      "mean_rate": 44.15906307267967,
      "std_rate": 4.894786687894233,
      "time": 4.654807806015015
    },
    "GA": {
      "min_rate": 34.10510484245842,
      "sum_rate": 2616.6724734128643,
      "mean_rate": 43.6112078902144,
      "std_rate": 5.129277666691028,
      "time": 141.10147976875305
    },
    "PSO": {
      "min_rate": 36.900561905896666,
      "sum_rate": 2651.9345808087396,
      "mean_rate": 44.19890968014566,
      "std_rate": 4.941547651271349,
      "time": 181.06352305412292
    },
    "NewSSA": {
      "min_rate": 31.853702558601043,
      "sum_rate": 2511.1788489785517,
      "mean_rate": 41.420172622192354,
      "std_rate": 5.805879407032445,
      "time": 275.02315282821655
    }
  }
}