{
  "seed_55": {
    "initial": {
      "min_rate": 31.718651693098042,
      "sum_rate": 2558.0660783033886,
      "mean_rate": 42.63443463838981,
      "std_rate": 5.467967757268682,
      "time": 0.0
    },
    "VF": {
      "min_rate": 35.43532801599553,
      "sum_rate": 2665.909242423486,
      "mean_rate": 44.4318207070581,
      "std_rate": 5.073753275218841,
      "time": 4.643441915512085
    },
    "GA": {
      "min_rate": 32.16945299546876,
      "sum_rate": 2599.8859830904953,
      "mean_rate": 43.331433051508256,
      "std_rate": 5.866455055151626,
      "time": 144.63113808631897
    },
    "PSO": {
      "min_rate": 33.921065789875456,
      "sum_rate": 2716.8550036894526,
      "mean_rate": 45.28091672815754,
      "std_rate": 5.494006448759287,
      "time": 185.1649739742279
    },
    "NewSSA": {
      "min_rate": 31.34682309576043,
      "sum_rate": 2571.9022348482213,
      "mean_rate": 42.80424246494003,
      "std_rate": 6.41262426230391,
      "time": 276.0092628002167
    }
  }
}