{
  "seed_55": {
    "initial": {
      "min_rate": 31.718651693098042,
      "sum_rate": 2558.0660783033886,
      "mean_rate": 42.63443463838981,
      "std_rate": 5.467967757268682,
      "time": 0.0
    },
    "VF": {
      "min_rate": 35.43532801599553,
      "sum_rate": 2665.909242423486,
      "mean_rate": 44.4318207070581,
      "std_rate": 5.073753275218841,
      "time": 4.643441915512085
    },
    "GA": {
      "min_rate": 32.16945299546876,
      "sum_rate": 2599.8859830904953,
      "mean_rate": 43.331433051508256,
      "std_rate": 5.866455055151626,
      "time": 144.63113808631897
    },
    "PSO": {
      "min_rate": 33.921065789875456,
      "sum_rate": 2716.8550036894526,
      "mean_rate": 45.28091672815754,
      "std_rate": 5.494006448759287,
      "time": 185.1649739742279
    },
    "NewSSA": {
      "min_rate": 31.34682309576043,
      "sum_rate": 2571.9022348482213,
      "mean_rate": 42.80424246494003,
      "std_rate": 6.41262426230391,
      "time": 276.0092628002167
    }
  },
  "seed_56": {
    "initial": {
      "min_rate": 28.464915316060335,
      "sum_rate": 2559.2620854099887,
      "mean_rate": 42.65436809016648,
      "std_rate": 6.028321126031551,
      "time": 0.0
    },
    "VF": {
      "min_rate": 36.637778090098536,
      "sum_rate": 2613.3734681920714,
      "mean_rate": 43.55622446986786,
      "std_rate": 4.388023664796618,
      "time": 4.633725881576538
    },
    "GA": {
      "min_rate": 29.991718324887877,
      "sum_rate": 2513.52069168789,
      "mean_rate": 41.892011528131505,
      "std_rate": 6.67310170317548,
      "time": 141.9144892692566
    },
    "PSO": {
      "min_rate": 30.75127659336728,
      "sum_rate": 2574.3782788787903,
      "mean_rate": 42.90630464797984,
      "std_rate": 5.801121184978038,
      "time": 180.61974000930786
    },
    "NewSSA": {
      "min_rate": 30.351634430064113,
      "sum_rate": 2473.809901701954,
      "mean_rate": 41.53882787858241,
      "std_rate": 7.615247025362497,
      "time": 274.77568793296814
    }
  },
  "seed_57": {
    "initial": {
      "min_rate": 30.188149448674956,
      "sum_rate": 2566.4232651566876,
      "mean_rate": 42.77372108594479,
      "std_rate": 6.043108345121496,
      "time": 0.0
    },
    "VF": {
      "min_rate": 34.98186058565416,
      "sum_rate": 2644.0549928655937,
      "mean_rate": 44.06758321442656,
      "std_rate": 6.0024580659470566,
      "time": 4.639437913894653
    },
    "GA": {
      "min_rate": 28.603766441351134,
      "sum_rate": 2534.234694359621,
      "mean_rate": 42.23724490599368,
      "std_rate": 9.71734681927283,
      "time": 141.07759404182434
    },
    "PSO": {
      "min_rate": 31.460016114327203,
      "sum_rate": 2538.414769079904,
      "mean_rate": 42.3069128179984,
      "std_rate": 5.298812401259734,
      "time": 181.26666688919067
    },
    "NewSSA": {
      "min_rate": 27.052988606876323,
      "sum_rate": 2374.2528193784015,
      "mean_rate": 39.88866821352012,
      "std_rate": 8.099669653208021,
      "time": 274.9658648967743
    }
  },
  "seed_58": {
    "initial": {
      "min_rate": 27.06343554349369,
      "sum_rate": 2508.4370928401754,
      "mean_rate": 41.80728488066959,
      "std_rate": 6.11751197999684,
      "time": 0.0
    },
    "VF": {
      "min_rate": 33.48915560795141,
      "sum_rate": 2526.227594598588,
      "mean_rate": 42.1037932433098,
      "std_rate": 6.028860913897334,
      "time": 4.6386659145355225
    },
    "GA": {
      "min_rate": 27.67981190644376,
      "sum_rate": 2495.6950450936793,
      "mean_rate": 41.594917418227986,
      "std_rate": 8.35156285032027,
      "time": 141.0165991783142
    },
    "PSO": {
      "min_rate": 31.29458166769883,
      "sum_rate": 2543.155686776707,
      "mean_rate": 42.385928112945116,
      "std_rate": 6.79098199389187,
      "time": 179.93144297599792
    },
    "NewSSA": {
      "min_rate": 27.862545410370483,
      "sum_rate": 2402.404865730767,
      "mean_rate": 40.24273685187488,
      "std_rate": 8.151621273735916,
      "time": 276.1381320953369
    }
  },
  "seed_59": {
    "initial": {
      "min_rate": 34.26800638867196,
      "sum_rate": 2611.1121756924113,
      "mean_rate": 43.518536261540184,
      "std_rate": 5.883915900182969,
      "time": 0.0
    },
    "VF": {
      "min_rate": 35.63470959043316,
      "sum_rate": 2589.5419414096186,
      "mean_rate": 43.15903235682698,
      "std_rate": 5.842121185260546,
      "time": 4.777928113937378
    },
    "GA": {
      "min_rate": 31.131785551069644,
      "sum_rate": 2554.21182547434,
      "mean_rate": 42.570197091239,
      "std_rate": 6.553348679168877,
      "time": 141.20331597328186
    },
    "PSO": {
      "min_rate": 34.52315408504989,
      "sum_rate": 2628.4998994805337,
      "mean_rate": 43.808331658008896,
      "std_rate": 6.145048126968585,
      "time": 180.7255311012268
    },
    "NewSSA": {
      "min_rate": 31.69661143597474,
      "sum_rate": 2499.017525616652,
      "mean_rate": 41.084030160826174,
      "std_rate": 6.707542998147351,
      "time": 275.7448818683624
    }
  },
  "seed_60": {
    "initial": {
      "min_rate": 31.801413855330065,
      "sum_rate": 2558.9367642873285,
      "mean_rate": 42.64894607145548,
      "std_rate": 6.732264282450407,
      "time": 0.0
    },
    "VF": {
      "min_rate": 34.15095028942207,
      "sum_rate": 2580.7152587842033,
      "mean_rate": 43.01192097973672,
      "std_rate": 6.745059954608158,
      "time": 4.679853677749634
    },
    "GA": {
      "min_rate": 28.518183263960612,
      "sum_rate": 2479.9821602412526,
      "mean_rate": 41.333036004020876,
      "std_rate": 7.661646853239021,
      "time": 141.76849627494812
    },
    "PSO": {
      "min_rate": 32.74518195962921,
      "sum_rate": 2620.1869075706704,
      "mean_rate": 43.66978179284451,
      "std_rate": 6.740884323848574,
      "time": 181.36890602111816
    },
    "NewSSA": {
      "min_rate": 28.63856863171755,
      "sum_rate": 2427.7629049869956,
      "mean_rate": 40.08743745074606,
      "std_rate": 8.233422182029152,
      "time": 275.9700050354004
    }
  },
  "seed_61": {
    "initial": {
      "min_rate": 26.80203674187465,
      "sum_rate": 2623.3749303575223,
      "mean_rate": 43.7229155059587,
      "std_rate": 7.214298385971871,
      "time": 0.0
    },
    "VF": {
      "min_rate": 36.51730504198758,
      "sum_rate": 2583.1489975445443,
      "mean_rate": 43.05248329240907,
      "std_rate": 3.925574745109615,
      "time": 4.669506788253784
    },
    "GA": {
      "min_rate": 31.432738712171247,
      "sum_rate": 2559.822182675959,
      "mean_rate": 42.663703044599316,
      "std_rate": 7.057229991345943,
      "time": 141.26780915260315
    },
    "PSO": {
      "min_rate": 35.02615873595926,
      "sum_rate": 2658.8778884143144,
      "mean_rate": 44.31463147357191,
      "std_rate": 5.397683830554819,
      "time": 180.13631916046143
    },
    "NewSSA": {
      "min_rate": 31.828272153310856,
      "sum_rate": 2564.7644112640564,
      "mean_rate": 43.06064441940079,
      "std_rate": 6.4236389441790545,
      "time": 275.10172724723816
    }
  },
  "seed_62": {
    "initial": {
      "min_rate": 27.41124151001279,
      "sum_rate": 2534.728252060511,
      "mean_rate": 42.24547086767518,
      "std_rate": 7.814647534015037,
      "time": 0.0
    },
    "VF": {
      "min_rate": 37.159734598377376,
      "sum_rate": 2632.3388207777007,
      "mean_rate": 43.87231367962834,
      "std_rate": 4.4318290182440565,
      "time": 4.624199151992798
    },
    "GA": {
      "min_rate": 28.754369527240385,
      "sum_rate": 2492.736040887118,
      "mean_rate": 41.54560068145197,
      "std_rate": 7.3599823239096445,
      "time": 140.66507482528687
    },
    "PSO": {
      "min_rate": 30.23472086491442,
      "sum_rate": 2551.451777178542,
      "mean_rate": 42.524196286309035,
      "std_rate": 6.760354669687437,
      "time": 180.60475873947144
    },