{
  "seed_66": {
    "initial": {
      "min_rate": 31.36269470255435,
      "sum_rate": 2638.968408496203,
      "mean_rate": 43.982806808270055,
      "std_rate": 6.642358577351263,
      "time": 0.0
    },
    "VF": {
      "min_rate": 37.526426066221966,
      "sum_rate": 2672.9586951983615,
      "mean_rate": 44.549311586639355,
      "std_rate": 3.915886452381638,
      "time": 4.8483500480651855
    },
    "GA": {
      "min_rate": 31.564134725655947,
      "sum_rate": 2616.1363322812053,
      "mean_rate": 43.602272204686756,
      "std_rate": 6.1489044995172355,
      "time": 144.39676594734192
    },
    "PSO": {
      "min_rate": 35.31726381467228,
      "sum_rate": 2687.0753171952406,
      "mean_rate": 44.784588619920676,
      "std_rate": 5.948307172974702,
      "time": 181.05417919158936
    },
    "NewSSA": {
      "min_rate": 34.05552965015887,
      "sum_rate": 2612.040350876247,
      "mean_rate": 43.490885732571364,
      "std_rate": 6.152507158606301,
      "time": 275.49772691726685
    }
  }
}