{
  "seed_66": {
    "initial": {
      "min_rate": 31.36269470255435,
      "sum_rate": 2638.968408496203,
      "mean_rate": 43.982806808270055,
      "std_rate": 6.642358577351263,
      "time": 0.0
    },
    "VF": {
      "min_rate": 37.526426066221966,
      "sum_rate": 2672.9586951983615,
      "mean_rate": 44.549311586639355,
      "std_rate": 3.915886452381638,
      "time": 4.8483500480651855
    },
    "GA": {
      "min_rate": 31.564134725655947,
      "sum_rate": 2616.1363322812053,
      "mean_rate": 43.602272204686756,
      "std_rate": 6.1489044995172355,
      "time": 144.39676594734192
    },
    "PSO": {
      "min_rate": 35.31726381467228,
      "sum_rate": 2687.0753171952406,
      "mean_rate": 44.784588619920676,
      "std_rate": 5.948307172974702,
      "time": 181.05417919158936
    },
    "NewSSA": {
      "min_rate": 34.05552965015887,
      "sum_rate": 2612.040350876247,
      "mean_rate": 43.490885732571364,
      "std_rate": 6.152507158606301,
      "time": 275.49772691726685
    }
  },
  "seed_67": {
    "initial": {
      "min_rate": 30.096735744525613,
      "sum_rate": 2589.637908214297,
      "mean_rate": 43.16063180357162,
      "std_rate": 5.650166434481171,
      "time": 0.0
    },
    "VF": {
      "min_rate": 36.6255682651354,
      "sum_rate": 2652.701820405126,
      "mean_rate": 44.2116970067521,
      "std_rate": 4.584940114840321,
      "time": 4.640256881713867
    },
    "GA": {
      "min_rate": 28.017562084526993,
      "sum_rate": 2514.5910144063478,
      "mean_rate": 41.9098502401058,
      "std_rate": 5.562289599785426,
      "time": 140.8569118976593
    },
    "PSO": {
      "min_rate": 34.21054427631445,
      "sum_rate": 2660.121873041601,
      "mean_rate": 44.33536455069335,
      "std_rate": 4.775772210484299,
      "time": 181.14033603668213
    },
    "NewSSA": {
      "min_rate": 28.63889631530948,
      "sum_rate": 2409.699893687604,
      "mean_rate": 40.605873075984654,
      "std_rate": 7.170026077256281,
      "time": 275.7738690376282
    }
  },
  "seed_68": {
    "initial": {
      "min_rate": 29.724522562712732,
      "sum_rate": 2608.9661354128657,
      "mean_rate": 43.48276892354776,
      "std_rate": 6.697227303284383,
      "time": 0.0
    },
    "VF": {
      "min_rate": 34.31287880590807,
      "sum_rate": 2636.158018742651,
      "mean_rate": 43.93596697904419,
      "std_rate": 5.39588512018743,
      "time": 4.635057210922241
    },
    "GA": {
      "min_rate": 26.583659212859953,
      "sum_rate": 2605.8993398756857,
      "mean_rate": 43.431655664594764,
      "std_rate": 9.268921681416263,
      "time": 140.783677816391
    },
    "PSO": {
      "min_rate": 28.72086078465647,
      "sum_rate": 2575.2442601299977,
      "mean_rate": 42.9207376688333,
      "std_rate": 6.432635078536856,
      "time": 181.2258312702179
    },
    "NewSSA": {
      "min_rate": 26.39336241614231,
      "sum_rate": 2392.469428020955,
      "mean_rate": 40.049704240405006,
      "std_rate": 8.116794865184259,
      "time": 276.04591608047485
    }
  },
  "seed_69": {
    "initial": {
      "min_rate": 29.91757612172928,
      "sum_rate": 2569.6394387170876,
      "mean_rate": 42.827323978618125,
      "std_rate": 5.353421794454619,
      "time": 0.0
    },
    "VF": {
      "min_rate": 37.15217892682073,
      "sum_rate": 2649.54378436078,
      "mean_rate": 44.15906307267967,
      "std_rate": 4.894786687894233,
      "time": 4.654807806015015
    },
    "GA": {
      "min_rate": 34.10510484245842,
      "sum_rate": 2616.6724734128643,
      "mean_rate": 43.6112078902144,
      "std_rate": 5.129277666691028,
      "time": 141.10147976875305
    },
    "PSO": {
      "min_rate": 36.900561905896666,
      "sum_rate": 2651.9345808087396,
      "mean_rate": 44.19890968014566,
      "std_rate": 4.941547651271349,
      "time": 181.06352305412292
    },
    "NewSSA": {
      "min_rate": 31.853702558601043,
      "sum_rate": 2511.1788489785517,
      "mean_rate": 41.420172622192354,
      "std_rate": 5.805879407032445,
      "time": 275.02315282821655
    }
  },
  "seed_70": {
    "initial": {
      "min_rate": 27.68288835937389,
      "sum_rate": 2593.0808211111216,
      "mean_rate": 43.21801368518536,
      "std_rate": 6.893303792005563,
      "time": 0.0
    },
    "VF": {
      "min_rate": 36.51443402466932,
      "sum_rate": 2625.9192627425214,
      "mean_rate": 43.76532104570869,
      "std_rate": 4.875606448454325,
      "time": 4.639549016952515
    },
    "GA": {
      "min_rate": 31.634231422752197,
      "sum_rate": 2528.1584500052936,
      "mean_rate": 42.13597416675489,
      "std_rate": 7.627852538824078,
      "time": 142.3333728313446
    },
    "PSO": {
      "min_rate": 34.19696593874927,
      "sum_rate": 2634.0599498189663,
      "mean_rate": 43.90099916364944,
      "std_rate": 4.929536942985981,
      "time": 181.22651195526123
    },
    "NewSSA": {
      "min_rate": 28.043829561507177,
      "sum_rate": 2514.1985520507283,
      "mean_rate": 41.24111858506504,
      "std_rate": 8.27164847737716,
      "time": 274.9997799396515
    }
  },
  "seed_71": {
    "initial": {
      "min_rate": 31.318063797786714,
      "sum_rate": 2667.806748242422,
      "mean_rate": 44.46344580404037,
      "std_rate": 6.52311442499812,
      "time": 0.0
    },
    "VF": {
      "min_rate": 37.068837851271844,
      "sum_rate": 2709.7940317675216,
      "mean_rate": 45.163233862792026,
      "std_rate": 5.9540405968923125,
      "time": 4.638735294342041
    },
    "GA": {
      "min_rate": 33.00324028994692,
      "sum_rate": 2706.067890827249,
      "mean_rate": 45.10113151378748,
      "std_rate": 7.63231917382342,
      "time": 140.88474106788635
    },
    "PSO": {
      "min_rate": 35.32693758154651,
      "sum_rate": 2655.5450083858427,
      "mean_rate": 44.25908347309738,
      "std_rate": 4.920744796877497,
      "time": 180.8549520969391
    },
    "NewSSA": {
      "min_rate": 30.14692905828279,
      "sum_rate": 2657.625175125356,
      "mean_rate": 44.802787628473965,
      "std_rate": 6.852707945618383,
      "time": 275.059180021286
    }
  },
  "seed_72": {
    "initial": {
      "min_rate": 33.91005165289339,
      "sum_rate": 2631.55613883085,
      "mean_rate": 43.859268980514166,
      "std_rate": 5.809442559945874,
      "time": 0.0
    },
    "VF": {
      "min_rate": 36.370297637251035,
      "sum_rate": 2726.7685891277697,
      "mean_rate": 45.446143152129494,
      "std_rate": 5.671229119462785,
      "time": 4.642617225646973
    },
    "GA": {
      "min_rate": 31.035515547109217,
      "sum_rate": 2582.8311224450445,
      "mean_rate": 43.04718537408407,
      "std_rate": 6.570517758411643,
      "time": 140.84825110435486
    },
    "PSO": {
      "min_rate": 34.75714717540605,
      "sum_rate": 2647.638093349732,
      "mean_rate": 44.12730155582887,
      "std_rate": 6.206502637659095,
      "time": 180.93071484565735
    },
    "NewSSA": {
      "min_rate": 29.78008821880831,
      "sum_rate": 2694.009868513144,
      "mean_rate": 44.797514619242584,
      "std_rate": 7.875859054639859,
      "time": 275.859738111496
    }
  },
  "seed_73": {
    "initial": {
      "min_rate": 27.840573539783474,
      "sum_rate": 2584.282224059345,
      "mean_rate": 43.07137040098908,
      "std_rate": 6.340802779095527,
      "time": 0.0
    },
    "VF": {
      "min_rate": 35.44633001432289,
      "sum_rate": 2555.303633377268,
      "mean_rate": 42.58839388962113,
      "std_rate": 5.763525382430753,
      "time": 4.668213129043579
    },
    "GA": {
      "min_rate": 25.553476197883118,
      "sum_rate": 2507.6906263939095,
      "mean_rate": 41.794843773231825,
      "std_rate": 8.224206078769448,
      "time": 140.64009380340576
    },
    "PSO": {
      "min_rate": 33.06908266713286,
      "sum_rate": 2570.5372671549067,
      "mean_rate": 42.84228778591511,
      "std_rate": 5.773472627978812,
      "time": 181.04214024543762
    },