{
  "initial": {
    "min_rate": 37.12491556693079,
    "sum_rate": 3020.4812675018206,
    "ap_stats": {
      "mean": 5.0,
      "std": 0.0,
      "min": 5,
      "max": 5
    }
  },
  "VF": {
    "min_rate": 41.23651015176129,
    "sum_rate": 2958.98350571839,
    "mean_rate": 49.316391761973165,
    "std_rate": 4.585869865350224,
    "time": 9.996485710144043,
    "ap_stats": {
      "mean": 5.0,
      "std": 0.0,
      "min": 5,
      "max": 5
    }
  }
}