{
  "initial": {
    "min_rate": 34.012757472985804,
    "sum_rate": 2656.9176016083097,
    "ap_stats": {
      "mean": 4.0,
      "std": 0.0,
      "min": 4,
      "max": 4
    }
  },
  "VF": {
    "min_rate": 36.82841253392229,
    "sum_rate": 2607.7855784525464,
    "mean_rate": 43.463092974209104,
    "std_rate": 4.519395590392712,
    "time": 8.157309770584106,
    "ap_stats": {
      "mean": 4.0,
      "std": 0.0,
      "min": 4,
      "max": 4
    }
  }
}