{
  "initial": {
    "min_rate": 25.634736512319357,
    "sum_rate": 2264.063281633114,
    "ap_stats": {
      "mean": 3.183333333333333,
      "std": 0.3869395588747966,
      "min": 3,
      "max": 4
    }
  },
  "VF": {
    "min_rate": 26.628542262641652,
    "sum_rate": 2170.579988487226,
    "mean_rate": 36.17633314145376,
    "std_rate": 5.857754311863645,
    "time": 6.826551914215088,
    "ap_stats": {
      "mean": 3.0,
      "std": 0.0,
      "min": 3,
      "max": 3
    }
  }
}