{
  "seed_43": {
    "initial": {
      "min_rate": 27.56086405414605,
      "sum_rate": 2659.6000218420736,
      "mean_rate": 44.32666703070122,
      "std_rate": 6.269675102208088,
      "time": 0.0
    },
    "VF": {
      "min_rate": 37.61621041807505,
      "sum_rate": 2654.8243147029175,
      "mean_rate": 44.24707191171529,
      "std_rate": 5.140631440065104,
      "time": 5.23165225982666
    },
    "GA": {
      "min_rate": 28.186601551802188,
      "sum_rate": 2519.309149032683,
      "mean_rate": 41.988485817211384,
      "std_rate": 7.420100688650729,
      "time": 176.4787199497223
    },
    "PSO": {
      "min_rate": 33.79552972813705,
      "sum_rate": 2592.740618027509,
      "mean_rate": 43.21234363379181,
      "std_rate": 5.448952518823833,
      "time": 208.8232500553131
    },
    "NewSSA": {
      "min_rate": 31.82783013337581,
      "sum_rate": 2493.702476068905,
      "mean_rate": 41.261930517126466,
      "std_rate": 4.979172855070024,
      "time": 311.9831397533417
    }
  },
  "seed_45": {
    "initial": {
      "min_rate": 28.957860773914177,
      "sum_rate": 2508.9204293721646,
      "mean_rate": 41.81534048953608,
      "std_rate": 7.107014753004498,
      "time": 0.0
    },
    "VF": {
      "min_rate": 36.81958102959461,
      "sum_rate": 2566.8689089553836,
      "mean_rate": 42.78114848258973,
      "std_rate": 5.340551991243632,
      "time": 5.258490085601807
    },
    "GA": {
      "min_rate": 30.150163840789943,
      "sum_rate": 2589.4170024317973,
      "mean_rate": 43.156950040529956,
      "std_rate": 6.1051612328295,
      "time": 160.0262839794159
    },
    "PSO": {
      "min_rate": 32.65153545569302,
      "sum_rate": 2667.4095023417403,
      "mean_rate": 44.456825039029006,
      "std_rate": 4.520151387773333,
      "time": 3876.993682861328
    },
    "NewSSA": {
      "min_rate": 32.40155893805467,
      "sum_rate": 2437.767578963717,
      "mean_rate": 40.747472882018336,
      "std_rate": 6.434474167373318,
      "time": 286.19028186798096
    }
  },
  "seed_46": {
    "initial": {
      "min_rate": 27.550786571377397,
      "sum_rate": 2529.00181751096,
      "mean_rate": 42.15003029184933,
      "std_rate": 6.745746497591369,
      "time": 0.0
    },
    "VF": {
      "min_rate": 32.29105690913329,
      "sum_rate": 2522.2136821968384,
      "mean_rate": 42.03689470328064,
      "std_rate": 4.816354837821379,
      "time": 4.925048112869263
    },
    "GA": {
      "min_rate": 32.825219275394545,
      "sum_rate": 2593.081136401257,
      "mean_rate": 43.21801894002095,
      "std_rate": 6.984324092503044,
      "time": 151.80700373649597
    },
    "PSO": {
      "min_rate": 31.417559453524834,
      "sum_rate": 2644.2917518769873,
      "mean_rate": 44.071529197949786,
      "std_rate": 6.394204637509855,
      "time": 197.08882403373718
    },
    "NewSSA": {
      "min_rate": 32.11191121397738,
      "sum_rate": 2548.1122426139564,
      "mean_rate": 43.06855086322636,
      "std_rate": 6.004775177713666,
      "time": 303.1079502105713
    }
  },
  "seed_47": {
    "initial": {
      "min_rate": 32.56362479484698,
      "sum_rate": 2597.798412099394,
      "mean_rate": 43.29664020165657,
      "std_rate": 5.226514316546684,
      "time": 0.0
    },
    "VF": {
      "min_rate": 35.69238066002472,
      "sum_rate": 2638.5920657943666,
      "mean_rate": 43.97653442990611,
      "std_rate": 4.692140837721709,
      "time": 5.092999219894409
    },
    "GA": {
      "min_rate": 28.92097838767503,
      "sum_rate": 2539.7091275064454,
      "mean_rate": 42.32848545844076,
      "std_rate": 7.943014257820151,
      "time": 156.3687937259674
    },
    "PSO": {
      "min_rate": 36.57110068915093,
      "sum_rate": 2665.0161200159787,
      "mean_rate": 44.416935333599646,
      "std_rate": 5.161279696686221,
      "time": 203.24995875358582
    },
    "NewSSA": {
      "min_rate": 30.405114729987037,
      "sum_rate": 2622.4003140390587,
      "mean_rate": 43.24992763074491,
      "std_rate": 10.25515257723951,
      "time": 274.24258613586426
    }
  },
  "seed_48": {
    "initial": {
      "min_rate": 25.864567084352856,
      "sum_rate": 2495.632183251642,
      "mean_rate": 41.593869720860695,
      "std_rate": 6.732492607774096,
      "time": 0.0
    },
    "VF": {
      "min_rate": 35.16851082197336,
      "sum_rate": 2553.5535866627038,
      "mean_rate": 42.559226444378396,
      "std_rate": 5.789465920758067,
      "time": 4.636265993118286
    },
    "GA": {
      "min_rate": 29.990063665985282,
      "sum_rate": 2739.1323856482304,
      "mean_rate": 45.65220642747051,
      "std_rate": 8.203779685954581,
      "time": 140.32747197151184
    },
    "PSO": {
      "min_rate": 31.048311147170743,
      "sum_rate": 2607.102548115926,
      "mean_rate": 43.45170913526543,
      "std_rate": 7.968005590160019,
      "time": 180.9166488647461
    },
    "NewSSA": {
      "min_rate": 29.313186597168794,
      "sum_rate": 2475.593225022063,
      "mean_rate": 41.03070608792445,
      "std_rate": 8.215995674330404,
      "time": 274.0795519351959
    }
  },
  "seed_49": {
    "initial": {
      "min_rate": 28.457922341827498,
      "sum_rate": 2540.7816894462376,
      "mean_rate": 42.346361490770626,
      "std_rate": 7.459816549551955,
      "time": 0.0
    },
    "VF": {
      "min_rate": 35.41156744916351,
      "sum_rate": 2570.541158355552,
      "mean_rate": 42.8423526392592,
      "std_rate": 4.4407851443408894,
      "time": 4.6406121253967285
    },
    "GA": {
      "min_rate": 30.27643617533316,
      "sum_rate": 2575.537346899064,
      "mean_rate": 42.92562244831773,
      "std_rate": 6.28537252673843,
      "time": 140.53841400146484
    },
    "PSO": {
      "min_rate": 30.41150925929071,
      "sum_rate": 2555.150479981745,
      "mean_rate": 42.58584133302908,
      "std_rate": 6.04822854322771,
      "time": 180.66446781158447
    },
    "NewSSA": {
      "min_rate": 29.586428041723845,
      "sum_rate": 2605.5474770028445,
      "mean_rate": 43.59577388607015,
      "std_rate": 8.030131659011978,
      "time": 274.14258909225464
    }
  },
  "seed_50": {
    "initial": {
      "min_rate": 33.302298849818484,
      "sum_rate": 2568.9435522190224,
      "mean_rate": 42.81572587031704,
      "std_rate": 6.0003414415815985,
      "time": 0.0
    },
    "VF": {
      "min_rate": 37.86257366053997,
      "sum_rate": 2606.983080758995,
      "mean_rate": 43.44971801264992,
      "std_rate": 4.564154502696393,
      "time": 4.624203205108643
    },
    "GA": {
      "min_rate": 29.581735656606302,
      "sum_rate": 2567.78837045488,
      "mean_rate": 42.79647284091467,
      "std_rate": 7.3257834808346285,
      "time": 140.97732305526733
    },
    "PSO": {
      "min_rate": 33.1059061068254,
      "sum_rate": 2612.290577696427,
      "mean_rate": 43.53817629494045,
      "std_rate": 5.139425434403539,
      "time": 1170.1064550876617
    },
    "NewSSA": {
      "min_rate": 28.186859655679182,
      "sum_rate": 2433.4656893943297,
      "mean_rate": 40.19357724273378,
      "std_rate": 8.59051638076727,
      "time": 1046.3965051174164
    }
  },
  "seed_51": {
    "initial": {
      "min_rate": 31.593229480255477,
      "sum_rate": 2613.6417776916123,
      "mean_rate": 43.56069629486021,
      "std_rate": 6.664390694977664,
      "time": 0.0
    },
    "VF": {
      "min_rate": 38.45973938484597,
      "sum_rate": 2747.3818989444912,
      "mean_rate": 45.78969831574152,
      "std_rate": 5.803304983359193,
      "time": 4.619802951812744
    },
    "GA": {
      "min_rate": 34.227664144560165,
      "sum_rate": 2610.3195104600063,
      "mean_rate": 43.505325174333436,
      "std_rate": 4.9420418647703075,
      "time": 140.73014879226685
    },
    "PSO": {
      "min_rate": 34.884425617079174,
      "sum_rate": 2651.1635258693295,
      "mean_rate": 44.18605876448883,
      "std_rate": 5.793665180811404,
      "time": 180.79708790779114
    },