{
  "initial": {
    "min_rate": 15.716533117777864,
    "sum_rate": 2215.1093043205315,
    "mean_rate": 36.91848840534219,
    "std_rate": 9.557473880039437,
    "time": 0.0
  },
  "VF": {
    "min_rate": 27.612348124796103,
    "sum_rate": 2279.2582307654484,
    "mean_rate": 37.98763717942414,
    "std_rate": 6.567620209226568,
    "time": 5.206636667251587
  },
  "GA": {
    "min_rate": 24.944304960341764,
    "sum_rate": 2239.0491962295746,
    "mean_rate": 37.31748660382625,
    "std_rate": 6.174378202859944,
    "time": 218.03734922409058
  },
  "PSO": {
    "min_rate": 24.806652736073083,
    "sum_rate": 2229.70025870977,
    "mean_rate": 37.16167097849617,
    "std_rate": 6.791528044335714,
    "time": 289.8015470504761
  },
  "NewSSA": {
    "min_rate": 25.87683751194867,
    "sum_rate": 2159.389113162472,
    "mean_rate": 35.89444726061597,
    "std_rate": 5.6904266679028,
    "time": 428.7756669521332
  }
}