{
  "initial": {
    "min_rate": 18.376787216630287,
    "sum_rate": 2045.2471569764098,
    "mean_rate": 34.087452616273495,
    "std_rate": 10.211663833489435,
    "time": 0.0
  },
  "VF": {
    "min_rate": 24.948786384843395,
    "sum_rate": 2172.233584779079,
    "mean_rate": 36.203893079651316,
    "std_rate": 6.443500387866842,
    "time": 6.249545097351074
  },
  "GA": {
    "min_rate": 20.76498178429521,
    "sum_rate": 2152.610630767924,
    "mean_rate": 35.87684384613206,
    "std_rate": 7.655078388678349,
    "time": 145.12667798995972
  },
  "PSO": {
    "min_rate": 22.3380223459716,
    "sum_rate": 2180.1208979225785,
    "mean_rate": 36.33534829870964,
    "std_rate": 8.26194676060554,
    "time": 166.7515320777893
  },
  "NewSSA": {
    "min_rate": 21.636053866930144,
    "sum_rate": 2080.8595562164546,
    "mean_rate": 34.54813297842838,
    "std_rate": 8.46142889801435,
    "time": 259.8627860546112
  }
}