{
  "seed_43": {
    "initial": {
      "min_rate": 27.56086405414605,
      "sum_rate": 2659.6000218420736,
      "mean_rate": 44.32666703070122,
      "std_rate": 6.269675102208088,
      "time": 0.0
    },
    "VF": {
      "min_rate": 37.61621041807505,
      "sum_rate": 2654.8243147029175,
      "mean_rate": 44.24707191171529,
      "std_rate": 5.140631440065104,
      "time": 5.23165225982666
    },
    "GA": {
      "min_rate": 28.186601551802188,
      "sum_rate": 2519.309149032683,
      "mean_rate": 41.988485817211384,
      "std_rate": 7.420100688650729,
      "time": 176.4787199497223
    },
    "PSO": {
      "min_rate": 33.79552972813705,
      "sum_rate": 2592.740618027509,
      "mean_rate": 43.21234363379181,
      "std_rate": 5.448952518823833,
      "time": 208.8232500553131
    },
    "NewSSA": {
      "min_rate": 31.82783013337581,
      "sum_rate": 2493.702476068905,
      "mean_rate": 41.261930517126466,
      "std_rate": 4.979172855070024,
      "time": 311.9831397533417
    }
  }
}