{
  "initial": {
    "min_rate": 17.61426825531252,
    "sum_rate": 2052.303614587699,
    "mean_rate": 34.205060243128315,
    "std_rate": 9.364658628058214,
    "time": 0.0
  },
  "VF": {
    "min_rate": 25.72510023605909,
    "sum_rate": 2003.1370099172102,
    "mean_rate": 33.385616831953506,
    "std_rate": 5.4793645132954545,
    "time": 6.020721912384033
  },
  "GA": {
    "min_rate": 23.66681962469781,
    "sum_rate": 2175.831055848022,
    "mean_rate": 36.263850930800366,
    "std_rate": 5.914475839904736,
    "time": 147.24966979026794
  },
  "PSO": {
    "min_rate": 25.40608438428843,
    "sum_rate": 2179.291027688874,
    "mean_rate": 36.321517128147896,
    "std_rate": 5.958569153001262,
    "time": 167.21964192390442
  },
  "NewSSA": {
    "min_rate": 24.654871905575515,
    "sum_rate": 2125.7900821359212,
    "mean_rate": 35.384818747051526,
    "std_rate": 6.586988881652299,
    "time": 260.5337710380554
  }
}