{
  "seed_43": {
    "initial": {
      "min_rate": 27.56086405414605,
      "sum_rate": 2659.6000218420736,
      "mean_rate": 44.32666703070122,
      "std_rate": 6.269675102208088,
      "time": 0.0
    },
    "VF": {
      "min_rate": 37.61621041807505,
      "sum_rate": 2654.8243147029175,
      "mean_rate": 44.24707191171529,
      "std_rate": 5.140631440065104,
      "time": 5.23165225982666
    },
    "GA": {
      "min_rate": 28.186601551802188,
      "sum_rate": 2519.309149032683,
      "mean_rate": 41.988485817211384,
      "std_rate": 7.420100688650729,
      "time": 176.4787199497223
    },
    "PSO": {
      "min_rate": 33.79552972813705,
      "sum_rate": 2592.740618027509,
      "mean_rate": 43.21234363379181,
      "std_rate": 5.448952518823833,
      "time": 208.8232500553131
    },
    "NewSSA": {
      "min_rate": 31.82783013337581,
      "sum_rate": 2493.702476068905,
      "mean_rate": 41.261930517126466,
      "std_rate": 4.979172855070024,
      "time": 311.9831397533417
    }
  },
  "seed_45": {
    "initial": {
      "min_rate": 28.957860773914177,
      "sum_rate": 2508.9204293721646,
      "mean_rate": 41.81534048953608,
      "std_rate": 7.107014753004498,
      "time": 0.0
    },
    "VF": {
      "min_rate": 36.81958102959461,
      "sum_rate": 2566.8689089553836,
      "mean_rate": 42.78114848258973,
      "std_rate": 5.340551991243632,
      "time": 5.258490085601807
    },
    "GA": {
      "min_rate": 30.150163840789943,
      "sum_rate": 2589.4170024317973,
      "mean_rate": 43.156950040529956,
      "std_rate": 6.1051612328295,
      "time": 160.0262839794159
    },
    "PSO": {
      "min_rate": 32.65153545569302,
      "sum_rate": 2667.4095023417403,
      "mean_rate": 44.456825039029006,
      "std_rate": 4.520151387773333,
      "time": 3876.993682861328
    },
    "NewSSA": {
      "min_rate": 32.40155893805467,
      "sum_rate": 2437.767578963717,
      "mean_rate": 40.747472882018336,
      "std_rate": 6.434474167373318,
      "time": 286.19028186798096
    }
  },
  "seed_46": {
    "initial": {
      "min_rate": 27.550786571377397,
      "sum_rate": 2529.00181751096,
      "mean_rate": 42.15003029184933,
      "std_rate": 6.745746497591369,
      "time": 0.0
    },
    "VF": {
      "min_rate": 32.29105690913329,
      "sum_rate": 2522.2136821968384,
      "mean_rate": 42.03689470328064,
      "std_rate": 4.816354837821379,
      "time": 4.925048112869263
    },
    "GA": {
      "min_rate": 32.825219275394545,
      "sum_rate": 2593.081136401257,
      "mean_rate": 43.21801894002095,
      "std_rate": 6.984324092503044,
      "time": 151.80700373649597
    },
    "PSO": {
      "min_rate": 31.417559453524834,
      "sum_rate": 2644.2917518769873,
      "mean_rate": 44.071529197949786,
      "std_rate": 6.394204637509855,
      "time": 197.08882403373718
    },
    "NewSSA": {
      "min_rate": 32.11191121397738,
      "sum_rate": 2548.1122426139564,
      "mean_rate": 43.06855086322636,
      "std_rate": 6.004775177713666,
      "time": 303.1079502105713
    }
  }
}