{
  "initial": {
    "min_rate": 34.93521114203245,
    "sum_rate": 2958.9456678842694,
    "mean_rate": 49.31576113140449,
    "std_rate": 7.523690753175466,
    "time": 0.0
  },
  "VF": {
    "min_rate": 42.28321956454437,
    "sum_rate": 3060.2192898843823,
    "mean_rate": 51.00365483140637,
    "std_rate": 4.4213654842457615,
    "time": 8.198240041732788
  },
  "GA": {
    "min_rate": 38.006868854174016,
    "sum_rate": 3055.685157128123,
    "mean_rate": 50.92808595213538,
    "std_rate": 6.395829848552893,
    "time": 338.1610949039459
  },
  "PSO": {
    "min_rate": 39.42071511573582,
    "sum_rate": 2985.1603094343477,
    "mean_rate": 49.75267182390579,
    "std_rate": 5.850412722361177,
    "time": 448.77970790863037
  },
  "NewSSA": {
    "min_rate": 35.77141730120557,
    "sum_rate": 2960.7961247865205,
    "mean_rate": 49.076930039000466,
    "std_rate": 7.189885183856028,
    "time": 442.5067849159241
  }
}