{
  "initial": {
    "min": 15.400375974156603,
    "sum": 2719.6832412999047
  },
  "V5Pro": {
    "min": 21.10792157457224,
    "sum": 2748.2293930579153,
    "time": 3.615483045578003
  },
  "GA": {
    "min": 22.734992437537045,
    "sum": 2148.473254986342,
    "time": 108.93858504295349
  },
  "PSO": {
    "min": 17.54193153512525,
    "sum": 2256.7811909630905,
    "time": 139.4331920146942
  },
  "NewSSA": {
    "min": 18.885791369135045,
    "sum": 2128.5114023492442,
    "time": 212.91430497169495
  }
}