{
  "initial": {
    "min": 22.71824445610053,
    "sum": 2640.1390913935966
  },
  "V5Pro": {
    "min": 26.69555268261047,
    "sum": 2679.278469407195,
    "time": 3.6245388984680176
  },
  "GA": {
    "min": 24.37338947456728,
    "sum": 2007.7200530616337,
    "time": 109.48397207260132
  },
  "PSO": {
    "min": 22.737989001048177,
    "sum": 2140.201442881041,
    "time": 139.78604984283447
  },
  "NewSSA": {
    "min": 25.007833066264894,
    "sum": 2042.6992714976689,
    "time": 213.9974398612976
  }
}