{
  "initial": {
    "min": 21.316749710395488,
    "sum": 2663.6214621945255
  },
  "V5Pro": {
    "min": 19.11771703381324,
    "sum": 2689.7753360958677,
    "time": 3.8544797897338867
  },
  "GA": {
    "min": 20.89540196911239,
    "sum": 2117.933301622505,
    "time": 117.37777590751648
  },
  "PSO": {
    "min": 20.336877054425614,
    "sum": 2220.704874171778,
    "time": 151.04560208320618
  },
  "NewSSA": {
    "min": 17.902696080886827,
    "sum": 2046.5652204280123,
    "time": 233.44753980636597
  }
}