{
  "initial": {
    "min": 17.13394889412508,
    "sum": 2676.636739555289
  },
  "V5Pro": {
    "min": 22.63126950568695,
    "sum": 2773.7486246485987,
    "time": 3.7957799434661865
  },
  "GA": {
    "min": 18.3144422408964,
    "sum": 2038.6441865790823,
    "time": 115.40084981918335
  },
  "PSO": {
    "min": 18.081511193960164,
    "sum": 2144.5896156890976,
    "time": 147.19239211082458
  },
  "NewSSA": {
    "min": 18.00440455337528,
    "sum": 1960.0100922299944,
    "time": 223.79824018478394
  }
}