{
  "initial": {
    "min": 19.320427805434175,
    "sum": 2918.0899410749257
  },
  "V5Pro": {
    "min": 25.595190736451066,
    "sum": 3023.6883356243334,
    "time": 3.873466968536377
  },
  "GA": {
    "min": 21.98415564153081,
    "sum": 2177.481523038188,
    "time": 115.49774312973022
  },
  "PSO": {
    "min": 22.93695273613084,
    "sum": 2233.425521389167,
    "time": 147.0322470664978
  },
  "NewSSA": {
    "min": 23.48920540237315,
    "sum": 2103.5903929259334,
    "time": 226.29216980934143
  }
}