{
  "initial": {
    "min": 18.65144913109865,
    "sum": 2806.959936333637
  },
  "V5Pro": {
    "min": 20.383286071247223,
    "sum": 2877.486651982161,
    "time": 3.627271890640259
  },
  "GA": {
    "min": 22.498986022630664,
    "sum": 2124.716846184198,
    "time": 109.13261580467224
  },
  "PSO": {
    "min": 21.879930680985726,
    "sum": 2247.776135877674,
    "time": 140.0250689983368
  },
  "NewSSA": {
    "min": 22.797555129365833,
    "sum": 2179.2724215116596,
    "time": 213.8881709575653
  }
}