{
  "initial": {
    "min": 21.880917558394902,
    "sum": 2862.3728641256935
  },
  "V5Pro": {
    "min": 24.735809249292295,
    "sum": 2940.9576340658946,
    "time": 3.6099660396575928
  },
  "GA": {
    "min": 23.153398549574042,
    "sum": 2213.59470843262,
    "time": 112.22795796394348
  },
  "PSO": {
    "min": 21.90403621848391,
    "sum": 2249.9234619112385,
    "time": 139.82611918449402
  },
  "NewSSA": {
    "min": 19.943619734399608,
    "sum": 2053.743073975423,
    "time": 213.20725774765015
  }
}