{
  "initial": {
    "min": 25.801822681240086,
    "sum": 2947.9701343229162
  },
  "V5Pro": {
    "min": 28.02576753156022,
    "sum": 2945.147653163237,
    "time": 3.714348793029785
  },
  "GA": {
    "min": 23.908369167896605,
    "sum": 2149.9589039288926,
    "time": 110.48062586784363
  },
  "PSO": {
    "min": 24.20593962613349,
    "sum": 2293.144991029722,
    "time": 140.8373441696167
  },
  "NewSSA": {
    "min": 26.126525357728823,
    "sum": 2115.210841369072,
    "time": 214.04582619667053
  }
}