{
  "initial": {
    "min": 20.921424669207273,
    "sum": 2805.7372260908096
  },
  "V5Pro": {
    "min": 24.016634556772292,
    "sum": 2851.62318727279,
    "time": 3.614248037338257
  },
  "GA": {
    "min": 24.142702894009407,
    "sum": 2101.5678469095246,
    "time": 108.90909624099731
  },
  "PSO": {
    "min": 23.78442453004904,
    "sum": 2187.954203253795,
    "time": 139.87638211250305
  },
  "NewSSA": {
    "min": 23.557530554156603,
    "sum": 2093.1516067495963,
    "time": 216.7763090133667
  }
}