{
  "initial": {
    "min": 33.85666848906778,
    "sum": 3351.08292361168
  },
  "V5Pro": {
    "min": 41.72225875722611,
    "sum": 3453.8152897870855,
    "time": 6.330556154251099
  },
  "GA": {
    "min": 40.585031476712736,
    "sum": 2940.802996158711,
    "time": 191.27062010765076
  },
  "PSO": {
    "min": 36.599915630405405,
    "sum": 3043.0267878071404,
    "time": 244.43651390075684
  },
  "NewSSA": {
    "min": 36.232377569811256,
    "sum": 2858.068460767802,
    "time": 374.74343276023865
  }
}