{
  "initial": {
    "min": 22.08107518508103,
    "sum": 2925.1107902366443
  },
  "V5Pro": {
    "min": 23.490807280000922,
    "sum": 2889.482168072451,
    "time": 3.620326042175293
  },
  "GA": {
    "min": 24.722672784461917,
    "sum": 2208.659428350576,
    "time": 108.92850804328918
  },
  "PSO": {
    "min": 24.44281493274516,
    "sum": 2206.7182654701464,
    "time": 139.06997418403625
  },
  "NewSSA": {
    "min": 19.711727515083282,
    "sum": 2117.8690993183386,
    "time": 213.2515881061554
  }
}