{
  "initial": {
    "min": 16.160154536823672,
    "sum": 2725.3883950054765
  },
  "V5Pro": {
    "min": 19.824173226016317,
    "sum": 2732.2482383381175,
    "time": 3.5904550552368164
  },
  "GA": {
    "min": 21.63615550947424,
    "sum": 2133.7128153015715,
    "time": 109.07398295402527
  },
  "PSO": {
    "min": 17.827708433122293,
    "sum": 2213.2598106196965,
    "time": 139.5624520778656
  },
  "NewSSA": {
    "min": 19.800471965354685,
    "sum": 1990.868413219009,
    "time": 212.66405701637268
  }
}