{
  "initial": {
    "min": 29.096111679501067,
    "sum": 3439.9798567699722
  },
  "V5Pro": {
    "min": 34.40010658881526,
    "sum": 3497.2067587010433,
    "time": 6.42731499671936
  },
  "GA": {
    "min": 37.08625264122667,
    "sum": 3023.934426037054,
    "time": 191.17236995697021
  },
  "PSO": {
    "min": 38.35829990915381,
    "sum": 3107.1298903433108,
    "time": 245.47890186309814
  },
  "NewSSA": {
    "min": 39.57452585647177,
    "sum": 2888.49920411033,
    "time": 376.4538860321045
  }
}