{
  "initial": {
    "min": 33.01220052510225,
    "sum": 3085.109687418183
  },
  "V5Pro": {
    "min": 33.18682287601608,
    "sum": 3081.659081457005,
    "time": 5.133523941040039
  },
  "GA": {
    "min": 31.383675861257238,
    "sum": 2572.183640054245,
    "time": 154.44884777069092
  },
  "PSO": {
    "min": 31.144704909082456,
    "sum": 2614.7418363609177,
    "time": 198.13871312141418
  },
  "NewSSA": {
    "min": 30.195647386921966,
    "sum": 2390.8065259398713,
    "time": 303.764643907547
  }
}