{
  "initial": {
    "min": 31.776760967639838,
    "sum": 3268.88578578404
  },
  "V5Pro": {
    "min": 40.56916934543955,
    "sum": 3353.4047643854005,
    "time": 5.05477499961853
  },
  "GA": {
    "min": 33.16904441216283,
    "sum": 2570.5042891818916,
    "time": 152.30562019348145
  },
  "PSO": {
    "min": 30.6853619311653,
    "sum": 2732.568396617619,
    "time": 195.49957871437073
  },
  "NewSSA": {
    "min": 33.86196972287892,
    "sum": 2590.2332874543717,
    "time": 301.35933804512024
  }
}