{
  "initial": {
    "min": 17.833913734562717,
    "sum": 2661.3261321860837
  },
  "V5Pro": {
    "min": 18.083770864805558,
    "sum": 2632.1957238151354,
    "time": 3.5617048740386963
  },
  "GA": {
    "min": 22.37693779583807,
    "sum": 2102.6971357062744,
    "time": 108.87578296661377
  },
  "PSO": {
    "min": 17.354196097757193,
    "sum": 2172.399371019949,
    "time": 139.3026249408722
  },
  "NewSSA": {
    "min": 18.32181172326401,
    "sum": 1928.106367292698,
    "time": 212.53537893295288
  }
}