{
  "initial": {
    "min": 19.75885284912333,
    "sum": 2655.4842280805847
  },
  "V5Pro": {
    "min": 21.184837106325404,
    "sum": 2713.1336391454633,
    "time": 3.569328784942627
  },
  "GA": {
    "min": 21.809159374164977,
    "sum": 2001.1292653035125,
    "time": 109.40226411819458
  },
  "PSO": {
    "min": 22.501012141602388,
    "sum": 2220.740506663082,
    "time": 139.70111894607544
  },
  "NewSSA": {
    "min": 23.312158969600883,
    "sum": 2105.141287613705,
    "time": 213.926255941391
  }
}