{
  "initial": {
    "min": 29.707804450825595,
    "sum": 3467.9375619091606
  },
  "V5Pro": {
    "min": 45.77100555904417,
    "sum": 3510.1032875727515,
    "time": 6.295773983001709
  },
  "GA": {
    "min": 38.62595848119333,
    "sum": 2984.1470456709935,
    "time": 190.63050603866577
  },
  "PSO": {
    "min": 37.51805723542485,
    "sum": 3090.2978861590464,
    "time": 242.40205693244934
  },
  "NewSSA": {
    "min": 40.84027955855503,
    "sum": 2955.7701649021537,
    "time": 371.1730978488922
  }
}