{
  "initial": {
    "min": 26.92083625589824,
    "sum": 3171.9996038081813
  },
  "V5Pro": {
    "min": 29.235426127451348,
    "sum": 3169.8727015823983,
    "time": 5.209110736846924
  },
  "GA": {
    "min": 32.46361974383814,
    "sum": 2675.9990797605487,
    "time": 156.20663905143738
  },
  "PSO": {
    "min": 33.21217864405,
    "sum": 2705.235655431868,
    "time": 199.62419199943542
  },
  "NewSSA": {
    "min": 31.476464106915497,
    "sum": 2528.8465757539993,
    "time": 306.64778685569763
  }
}