{
  "initial": {
    "min": 13.894787496980026,
    "sum": 2870.3607285139547
  },
  "V5Pro": {
    "min": 20.772260790038377,
    "sum": 2881.349364605445,
    "time": 3.7549679279327393
  },
  "GA": {
    "min": 22.130629973641923,
    "sum": 2205.480961681909,
    "time": 114.66923689842224
  },
  "PSO": {
    "min": 20.484157062590878,
    "sum": 2299.931039826673,
    "time": 146.18050694465637
  },
  "NewSSA": {
    "min": 23.524410398585704,
    "sum": 2227.433781036392,
    "time": 227.97538495063782
  }
}