{
  "initial": {
    "min": 21.781763005012014,
    "sum": 2789.6025893261544
  },
  "V5Pro": {
    "min": 21.453833713698206,
    "sum": 2868.3019284855864,
    "time": 3.796875
  },
  "GA": {
    "min": 20.74330078933354,
    "sum": 2106.721788127491,
    "time": 114.3723840713501
  },
  "PSO": {
    "min": 21.63368130198425,
    "sum": 2216.3589700951657,
    "time": 146.19096088409424
  },
  "NewSSA": {
    "min": 19.08792690346399,
    "sum": 1955.8569311289564,
    "time": 223.53222012519836
  }
}