{
  "initial": {
    "min": 23.324849570423435,
    "sum": 2830.597472800136
  },
  "V5Pro": {
    "min": 26.01506961099564,
    "sum": 2866.1453269235967,
    "time": 3.633327007293701
  },
  "GA": {
    "min": 23.236550638929476,
    "sum": 2175.634015934925,
    "time": 109.3474268913269
  },
  "PSO": {
    "min": 20.72221312729333,
    "sum": 2253.1791608328604,
    "time": 139.43750882148743
  },
  "NewSSA": {
    "min": 23.70179808447987,
    "sum": 2130.9854900736796,
    "time": 213.31036615371704
  }
}