{
  "initial": {
    "min": 15.829630141376366,
    "sum": 2944.8683195448166
  },
  "V5Pro": {
    "min": 22.445261182198845,
    "sum": 2903.6265267505837,
    "time": 3.8278861045837402
  },
  "GA": {
    "min": 21.658942426186513,
    "sum": 2147.5256167508705,
    "time": 115.38768482208252
  },
  "PSO": {
    "min": 19.540458742430168,
    "sum": 2278.0225272995945,
    "time": 147.29599905014038
  },
  "NewSSA": {
    "min": 20.09837266346497,
    "sum": 2062.656549676671,
    "time": 225.44704604148865
  }
}